step,fitness,genome
0,0.756011189634677,"[1 1 1 1 1 0 0 0 1 1 1 1 0 0 0 0 0 1 0 1 1 1 0 0 1 0 0 0 1 1 1 0 1 0 1 1 0 1 1 1]"
0,0.018594652868850113,"[1 0 1 0 1 0 1 1 1 1 0 1 1 1 0 0 1 0 0 0 1 1 1 1 1 1 0 0 1 1 0 0 0 1 1 1 1 1 0 0]"
0,0.020531850370754938,"[1 0 1 0 1 1 0 1 1 0 0 1 0 0 1 0 1 0 1 1 1 1 1 1 1 1 1 1 0 1 1 0 1 0 1 1 0 0 1 0]"
0,0.09757836493843931,"[1 1 0 0 1 0 1 0 1 1 0 1 1 0 0 1 1 0 1 0 0 0 1 0 1 1 1 1 1 1 1 0 1 1 0 1 0 0 1 1]"
0,0.12021646193720169,"[1 1 0 0 1 1 1 1 0 0 1 0 0 0 0 0 0 1 1 1 0 1 1 1 1 1 1 1 0 1 1 0 0 1 1 1 1 1 1 0]"
0,0.013870485746159554,"[1 0 1 0 0 1 1 0 1 1 1 0 0 1 0 1 1 0 1 1 0 0 0 0 1 1 1 1 0 1 0 0 1 1 0 1 0 0 0 0]"
0,0.43018100103751367,"[1 1 1 0 1 0 1 1 0 1 0 0 1 0 1 0 0 1 1 1 0 1 1 0 1 1 1 0 0 1 0 0 1 1 1 1 0 1 0 0]"
0,0.0031228662819711233,"[1 0 0 0 1 1 1 1 1 1 0 0 0 1 1 1 0 1 1 0 1 0 0 1 0 0 1 1 0 0 0 0 1 1 0 1 1 0 1 1]"
0,0.026307529594299436,"[1 0 1 1 0 0 0 1 1 1 1 0 1 1 0 1 1 1 1 1 0 1 0 0 0 0 0 1 0 1 0 0 1 0 1 0 0 1 1 1]"
0,0.026307529594299436,"[1 0 1 1 0 0 0 1 1 1 1 0 1 1 0 1 1 1 1 1 0 1 0 0 0 0 0 1 0 1 0 0 1 0 1 0 0 1 1 1]"
0,0.013870485746933559,"[1 0 1 0 0 1 1 0 1 1 1 0 0 1 0 1 1 0 1 1 0 0 0 0 1 1 1 1 0 1 0 0 1 1 0 1 0 1 0 0]"
0,3.5010462054636147e-07,"[0 0 1 1 1 0 0 1 1 1 1 0 0 1 0 1 1 1 0 0 0 0 1 0 0 0 0 0 0 1 0 1 0 0 0 0 1 0 0 1]"
0,0.0031228662819711233,"[1 0 0 0 1 1 1 1 1 1 0 0 0 1 1 1 0 1 1 0 1 0 0 1 0 0 1 1 0 0 0 0 1 1 0 1 1 0 1 1]"
0,0.4305385109837591,"[1 1 1 0 1 0 1 1 0 1 0 0 1 1 1 1 0 1 1 1 0 1 1 1 1 1 1 0 1 1 0 0 1 1 0 1 0 1 0 0]"
0,0.0002131157768086862,"[0 1 1 0 1 1 0 1 1 1 1 0 1 1 0 1 0 0 1 0 0 0 0 0 1 0 0 1 0 1 1 0 1 0 1 1 1 0 1 0]"
0,0.0004425130283136313,"[0 1 1 1 0 1 1 0 0 1 0 0 0 0 1 0 0 0 1 1 0 0 0 0 1 0 1 1 1 0 0 0 1 0 1 0 1 1 0 0]"
0,0.00021984526608337227,"[0 1 1 0 1 1 1 0 0 1 0 0 0 1 0 0 1 0 1 1 1 1 1 1 1 1 1 0 1 0 1 0 0 1 1 0 0 1 0 1]"
0,0.013870485746933559,"[1 0 1 0 0 1 1 0 1 1 1 0 0 1 0 1 1 0 1 1 0 0 0 0 1 1 1 1 0 1 0 0 1 1 0 1 0 1 0 0]"
0,0.8149229948291594,"[1 1 1 1 1 0 1 0 1 1 0 1 0 0 0 0 0 1 0 1 1 1 0 0 1 0 0 0 1 1 1 0 1 0 1 1 0 1 1 1]"
0,0.00027610353896760973,"[0 1 1 1 0 0 0 0 1 1 0 0 1 1 1 1 0 1 0 1 0 1 0 0 1 0 1 1 1 0 1 0 0 1 0 1 0 1 0 1]"
0,0.4301812810859085,"[1 1 1 0 1 0 1 1 0 1 0 0 1 0 1 0 0 1 1 1 0 1 1 1 1 1 1 0 0 1 0 1 1 1 1 1 0 0 0 0]"
0,0.003119474204705594,"[1 0 0 0 1 1 1 1 1 1 0 0 0 0 1 1 0 1 1 0 1 0 0 1 0 0 1 1 0 0 0 0 1 1 0 1 1 0 1 1]"
0,0.802789159154276,"[1 1 1 1 1 0 1 0 0 1 1 1 0 0 0 0 0 0 0 1 1 1 0 0 1 0 0 0 1 1 0 0 1 0 1 1 0 1 1 1]"
0,0.12021325157991286,"[1 1 0 0 1 1 1 1 0 0 1 0 0 0 0 0 0 1 0 1 0 0 1 1 1 0 1 1 0 1 1 0 0 1 1 0 1 1 1 0]"
0,0.018730872562133637,"[1 0 1 0 1 0 1 1 1 1 1 1 1 1 0 0 1 0 1 0 1 1 1 1 1 1 0 0 1 1 0 0 0 1 1 1 1 1 0 0]"
1,0.04084005736016408,"[1 0 1 1 1 0 0 1 1 1 1 0 1 1 0 1 1 1 1 1 1 1 0 0 0 0 0 1 0 1 0 0 1 0 0 0 0 1 1 1]"
1,0.43017653853862703,"[1 1 1 0 1 0 1 1 0 1 0 0 1 0 1 0 0 1 1 0 0 1 1 0 1 1 1 0 0 1 0 1 1 1 1 1 0 1 0 0]"
1,0.09971937815184134,"[1 1 0 0 1 0 1 1 0 1 0 0 1 0 1 0 0 1 1 1 0 1 1 1 1 1 1 0 0 1 0 1 1 1 1 1 0 0 0 0]"
1,0.013870485753125583,"[1 0 1 0 0 1 1 0 1 1 1 0 0 1 0 1 1 0 1 1 0 0 0 0 1 1 1 1 0 1 0 0 1 1 1 1 0 1 0 0]"
1,0.00016750178579709937,"[0 1 1 0 1 0 1 1 0 1 0 0 1 1 1 1 0 1 1 1 0 1 1 1 1 1 1 0 1 1 0 0 1 1 0 1 0 1 0 0]"
1,0.09757836379155845,"[1 1 0 0 1 0 1 0 1 1 0 1 1 0 0 1 1 0 1 0 0 0 1 0 1 1 1 1 1 0 1 0 1 1 0 1 0 0 1 1]"
1,0.09757836493731932,"[1 1 0 0 1 0 1 0 1 1 0 1 1 0 0 1 1 0 1 0 0 0 1 0 1 1 1 1 1 1 1 0 1 1 0 1 0 0 1 0]"
1,0.013870485746159554,"[1 0 1 0 0 1 1 0 1 1 1 0 0 1 0 1 1 0 1 1 0 0 0 0 1 1 1 1 0 1 0 0 1 1 0 1 0 0 0 0]"
1,0.09755955770435082,"[1 1 0 0 1 0 1 0 1 1 0 1 1 0 0 0 1 0 1 0 0 0 1 0 1 0 1 1 1 1 1 0 1 1 0 0 0 0 1 0]"
1,0.4305385109837591,"[1 1 1 0 1 0 1 1 0 1 0 0 1 1 1 1 0 1 1 1 0 1 1 1 1 1 1 0 1 1 0 0 1 1 0 1 0 1 0 0]"
1,0.06525407586557001,"[1 1 0 0 0 0 1 0 1 1 0 1 1 0 0 1 1 0 1 0 0 0 1 0 1 1 1 1 1 1 1 0 1 1 0 1 0 0 1 1]"
1,0.8150499687257631,"[1 1 1 1 1 0 1 0 1 1 0 1 0 0 0 1 0 1 0 1 1 1 0 0 1 0 1 0 0 1 1 0 1 0 1 1 0 1 1 1]"
1,0.09741876331300826,"[1 1 0 0 1 0 1 0 1 1 0 1 0 0 0 1 0 0 1 0 0 0 1 0 1 1 1 1 1 1 1 0 1 1 0 1 0 0 1 1]"
1,0.013870485746159554,"[1 0 1 0 0 1 1 0 1 1 1 0 0 1 0 1 1 0 1 1 0 0 0 0 1 1 1 1 0 1 0 0 1 1 0 1 0 0 0 0]"
1,0.8311994325330513,"[1 1 1 1 1 0 1 1 0 1 0 0 1 1 1 1 0 1 1 1 0 1 1 1 0 1 1 0 1 1 0 0 1 1 0 1 0 1 0 0]"
1,0.43018100103751367,"[1 1 1 0 1 0 1 1 0 1 0 0 1 0 1 0 0 1 1 1 0 1 1 0 1 1 1 0 0 1 0 0 1 1 1 1 0 1 0 0]"
1,0.30464486415214737,"[1 1 1 0 0 0 1 1 0 1 0 0 1 1 1 1 0 1 1 1 0 1 1 1 1 1 1 0 1 1 0 0 1 1 0 1 0 1 0 0]"
1,0.8149229948291594,"[1 1 1 1 1 0 1 0 1 1 0 1 0 0 0 0 0 1 0 1 1 1 0 0 1 0 0 0 1 1 1 0 1 0 1 1 0 1 1 1]"
1,0.026307710080288073,"[1 0 1 1 0 0 0 1 1 1 1 0 1 1 0 1 1 1 1 1 1 1 0 0 0 0 0 1 0 1 0 0 1 0 1 0 0 1 1 1]"
1,0.8149220032787978,"[1 1 1 1 1 0 1 0 1 1 0 1 0 0 0 0 0 1 0 1 1 0 1 0 1 0 0 0 1 1 1 0 1 0 1 1 0 1 1 1]"
1,0.09757836493843931,"[1 1 0 0 1 0 1 0 1 1 0 1 1 0 0 1 1 0 1 0 0 0 1 0 1 1 1 1 1 1 1 0 1 1 0 1 0 0 1 1]"
1,0.8149229948291594,"[1 1 1 1 1 0 1 0 1 1 0 1 0 0 0 0 0 1 0 1 1 1 0 0 1 0 0 0 1 1 1 0 1 0 1 1 0 1 1 1]"
1,0.5832571196032851,"[1 1 1 1 0 0 1 0 1 0 0 1 0 0 0 0 0 1 0 1 0 1 0 0 1 0 0 0 1 1 1 0 1 0 1 1 0 1 1 1]"
1,0.02628407590277668,"[1 0 1 1 0 0 0 1 1 1 1 0 1 0 0 1 1 1 1 0 0 1 0 0 0 0 0 1 0 1 0 0 1 0 1 0 0 1 1 1]"
1,0.01387048257681092,"[1 0 1 0 0 1 1 0 1 1 1 0 0 1 0 1 1 0 1 1 0 0 0 0 1 0 1 1 0 1 0 0 1 1 0 1 0 1 0 1]"
2,0.814923118765466,"[1 1 1 1 1 0 1 0 1 1 0 1 0 0 0 0 0 1 0 1 1 1 0 0 1 1 0 0 1 1 1 0 1 0 1 1 0 1 1 0]"
2,0.09849982840064808,"[1 1 0 0 1 0 1 1 0 0 0 0 1 0 1 0 0 1 1 1 0 1 1 1 1 1 1 0 0 1 0 1 1 1 1 1 0 0 0 0]"
2,0.09741905651846308,"[1 1 0 0 1 0 1 0 1 1 0 1 0 0 0 1 0 0 1 0 0 1 1 0 1 1 1 1 1 1 1 0 1 1 1 1 0 0 1 1]"
2,0.30464486415214737,"[1 1 1 0 0 0 1 1 0 1 0 0 1 1 1 1 0 1 1 1 0 1 1 1 1 1 1 0 1 1 0 0 1 1 0 1 0 1 0 0]"
2,0.8149220342647302,"[1 1 1 1 1 0 1 0 1 1 0 1 0 0 0 0 0 1 0 1 1 0 1 0 1 0 0 1 1 1 1 0 1 0 1 1 0 1 1 1]"
2,0.8311994325330513,"[1 1 1 1 1 0 1 1 0 1 0 0 1 1 1 1 0 1 1 1 0 1 1 1 0 1 1 0 1 1 0 0 1 1 0 1 0 1 0 0]"
2,0.8149229938457181,"[1 1 1 1 1 0 1 0 1 1 0 1 0 0 0 0 0 1 0 1 1 1 0 0 1 0 0 0 1 1 1 0 0 0 1 1 0 1 0 1]"
2,0.21290846774221314,"[1 1 0 1 1 0 1 1 0 1 0 0 1 1 1 1 0 1 1 1 0 1 1 1 0 1 1 0 1 1 0 0 1 1 0 1 0 1 0 0]"
2,0.3046448130270021,"[1 1 1 0 0 0 1 1 0 1 0 0 1 1 1 1 0 1 1 1 0 1 1 1 1 0 1 0 1 1 0 0 1 1 0 1 0 1 0 0]"
2,0.09741876331748167,"[1 1 0 0 1 0 1 0 1 1 0 1 0 0 0 1 0 0 1 0 0 0 1 0 1 1 1 1 1 1 1 0 1 1 0 1 0 1 1 1]"
2,0.09757836493843931,"[1 1 0 0 1 0 1 0 1 1 0 1 1 0 0 1 1 0 1 0 0 0 1 0 1 1 1 1 1 1 1 0 1 1 0 1 0 0 1 1]"
2,0.026307710080288073,"[1 0 1 1 0 0 0 1 1 1 1 0 1 1 0 1 1 1 1 1 1 1 0 0 0 0 0 1 0 1 0 0 1 0 1 0 0 1 1 1]"
2,0.8150499687257631,"[1 1 1 1 1 0 1 0 1 1 0 1 0 0 0 1 0 1 0 1 1 1 0 0 1 0 1 0 0 1 1 0 1 0 1 1 0 1 1 1]"
2,0.0883565153773043,"[1 1 0 0 1 0 0 0 1 1 0 1 1 0 0 0 1 0 1 0 0 1 1 0 1 0 1 1 1 1 1 0 1 1 0 0 0 0 1 0]"
2,0.3013100503117434,"[1 1 1 0 0 0 1 1 0 0 0 0 1 1 1 1 0 1 1 1 0 0 1 1 1 1 1 0 1 1 0 0 1 1 0 1 0 1 0 0]"
2,0.8148912657561486,"[1 1 1 1 1 0 1 0 1 1 0 1 0 0 0 0 0 0 0 1 1 1 0 0 1 0 0 0 1 1 1 0 1 0 1 1 0 1 1 1]"
2,0.4305385109837591,"[1 1 1 0 1 0 1 1 0 1 0 0 1 1 1 1 0 1 1 1 0 1 1 1 1 1 1 0 1 1 0 0 1 1 0 1 0 1 0 0]"
2,0.5832571196032851,"[1 1 1 1 0 0 1 0 1 0 0 1 0 0 0 0 0 1 0 1 0 1 0 0 1 0 0 0 1 1 1 0 1 0 1 1 0 1 1 1]"
2,0.30464486414590647,"[1 1 1 0 0 0 1 1 0 1 0 0 1 1 1 1 0 1 1 1 0 1 1 1 1 1 1 0 1 1 0 0 1 1 0 1 0 0 1 0]"
2,0.8149220032787978,"[1 1 1 1 1 0 1 0 1 1 0 1 0 0 0 0 0 1 0 1 1 0 1 0 1 0 0 0 1 1 1 0 1 0 1 1 0 1 1 1]"
2,0.002116099701878841,"[1 0 0 0 1 0 1 0 0 1 0 0 1 0 1 0 0 1 1 1 0 1 1 1 1 1 1 0 0 1 0 1 1 1 1 1 0 0 0 0]"
2,0.2667441497396014,"[1 1 1 0 0 0 0 0 0 1 0 0 1 1 1 1 0 1 1 1 0 1 1 1 1 1 1 0 1 1 0 0 1 1 0 1 0 1 0 0]"
2,0.4305385109837591,"[1 1 1 0 1 0 1 1 0 1 0 0 1 1 1 1 0 1 1 1 0 1 1 1 1 1 1 0 1 1 0 0 1 1 0 1 0 1 0 0]"
2,0.013870485753125583,"[1 0 1 0 0 1 1 0 1 1 1 0 0 1 0 1 1 0 1 1 0 0 0 0 1 1 1 1 0 1 0 0 1 1 1 1 0 1 0 0]"
2,0.013870485746159554,"[1 0 1 0 0 1 1 0 1 1 1 0 0 1 0 1 1 0 1 1 0 0 0 0 1 1 1 1 0 1 0 0 1 1 0 1 0 0 0 0]"
3,0.3013100503117434,"[1 1 1 0 0 0 1 1 0 0 0 0 1 1 1 1 0 1 1 1 0 0 1 1 1 1 1 0 1 1 0 0 1 1 0 1 0 1 0 0]"
3,0.8149220032787978,"[1 1 1 1 1 0 1 0 1 1 0 1 0 0 0 0 0 1 0 1 1 0 1 0 1 0 0 0 1 1 1 0 1 0 1 1 0 1 1 1]"
3,0.7523418516628962,"[1 1 1 1 1 0 0 0 1 1 0 1 0 0 0 1 0 1 0 1 1 1 0 0 1 1 1 0 0 1 1 1 1 0 1 1 0 0 1 1]"
3,0.2804283793039495,"[1 1 1 0 0 0 0 1 0 1 1 0 1 1 1 1 0 1 1 1 0 1 1 1 1 1 1 1 1 1 0 0 1 1 0 1 0 1 0 0]"
3,0.8311994325330513,"[1 1 1 1 1 0 1 1 0 1 0 0 1 1 1 1 0 1 1 1 0 1 1 1 0 1 1 0 1 1 0 0 1 1 0 1 0 1 0 0]"
3,0.8149220342647302,"[1 1 1 1 1 0 1 0 1 1 0 1 0 0 0 0 0 1 0 1 1 0 1 0 1 0 0 1 1 1 1 0 1 0 1 1 0 1 1 1]"
3,0.09850456603352949,"[1 1 0 0 1 0 1 1 0 0 0 0 1 0 1 0 1 0 1 1 0 1 1 1 1 1 1 0 0 1 0 1 1 1 1 1 0 0 0 0]"
3,0.0006523943365290466,"[0 1 1 1 1 0 1 0 1 1 1 1 0 0 0 0 0 1 1 1 1 0 1 0 1 0 0 0 1 1 1 0 1 0 1 1 0 1 1 1]"
3,0.09850913730339879,"[1 1 0 0 1 0 1 1 0 0 0 0 1 0 1 0 1 1 1 1 0 1 0 1 1 0 1 0 0 1 0 1 1 1 1 1 0 0 0 0]"
3,0.43043131542754376,"[1 1 1 0 1 0 1 1 0 1 0 0 1 1 0 1 1 1 1 1 0 1 1 1 1 1 1 0 1 1 0 0 0 0 0 1 0 1 0 0]"
3,0.8311994325330513,"[1 1 1 1 1 0 1 1 0 1 0 0 1 1 1 1 0 1 1 1 0 1 1 1 0 1 1 0 1 1 0 0 1 1 0 1 0 1 0 0]"
3,0.09758306266429953,"[1 1 0 0 1 0 1 0 1 1 0 1 1 0 0 1 1 1 1 0 0 0 1 0 1 1 1 1 1 1 1 0 1 1 0 1 0 0 1 1]"
3,0.8311994325330513,"[1 1 1 1 1 0 1 1 0 1 0 0 1 1 1 1 0 1 1 1 0 1 1 1 0 1 1 0 1 1 0 0 1 1 0 1 0 1 0 0]"
3,0.8191215505594737,"[1 1 1 1 1 0 1 0 1 1 1 1 0 0 0 1 0 1 0 1 1 1 0 1 1 0 1 0 0 1 1 0 1 0 1 1 0 1 1 1]"
3,0.5832569361505923,"[1 1 1 1 0 0 1 0 1 0 0 1 0 0 0 0 0 1 0 1 0 1 0 0 0 0 0 0 1 1 1 0 1 0 1 1 0 1 1 1]"
3,0.8332678990884991,"[1 1 1 1 1 0 1 1 0 1 0 1 1 1 1 1 0 1 1 1 0 1 0 1 0 1 1 0 1 1 0 0 1 1 0 1 0 1 0 0]"
3,0.8150499687257631,"[1 1 1 1 1 0 1 0 1 1 0 1 0 0 0 1 0 1 0 1 1 1 0 0 1 0 1 0 0 1 1 0 1 0 1 1 0 1 1 1]"
3,0.8148894066576946,"[1 1 1 1 1 0 1 0 1 1 0 1 0 0 0 0 0 0 0 1 1 0 0 0 1 1 0 0 1 1 1 0 1 0 1 1 0 1 1 0]"
3,0.8148912657561486,"[1 1 1 1 1 0 1 0 1 1 0 1 0 0 0 0 0 0 0 1 1 1 0 0 1 0 0 0 1 1 1 0 1 0 1 1 0 1 1 1]"
3,0.30467104133424217,"[1 1 1 0 0 0 1 1 0 1 0 0 1 1 1 1 1 1 1 1 0 1 1 1 1 1 1 0 1 1 0 0 1 1 1 1 0 0 1 0]"
3,0.4298957027698741,"[1 1 1 0 1 0 1 1 0 1 0 0 0 1 1 0 0 1 1 1 0 1 1 1 1 1 1 0 1 1 0 0 1 1 0 1 0 1 0 0]"
3,0.00016750178579709937,"[0 1 1 0 1 0 1 1 0 1 0 0 1 1 1 1 0 1 1 1 0 1 1 1 1 1 1 0 1 1 0 0 1 1 0 1 0 1 0 0]"
3,0.09741883660982409,"[1 1 0 0 1 0 1 0 1 1 0 1 0 0 0 1 0 0 1 0 0 0 1 1 1 1 1 1 1 1 1 0 1 1 0 1 0 1 1 1]"
3,0.8149231187352063,"[1 1 1 1 1 0 1 0 1 1 0 1 0 0 0 0 0 1 0 1 1 1 0 0 1 1 0 0 1 1 1 0 1 0 1 1 0 0 1 0]"
3,0.583255651983197,"[1 1 1 1 0 0 1 0 1 0 0 1 0 0 0 0 0 1 0 1 0 0 0 0 1 0 0 0 1 1 1 0 1 0 1 1 0 1 1 1]"
4,0.43057424802985345,"[1 1 1 0 1 0 1 1 0 1 0 0 1 1 1 1 1 1 1 1 0 1 1 1 1 1 1 0 1 1 0 0 1 1 1 1 0 0 1 0]"
4,0.43043131542754376,"[1 1 1 0 1 0 1 1 0 1 0 0 1 1 0 1 1 1 1 1 0 1 1 1 1 1 1 0 1 1 0 0 0 0 0 1 0 1 0 0]"
4,0.2804276198781484,"[1 1 1 0 0 0 0 1 0 1 1 0 1 1 1 1 0 1 1 1 0 0 1 1 1 1 1 1 1 1 0 0 1 0 0 1 0 1 0 0]"
4,0.8149220342647302,"[1 1 1 1 1 0 1 0 1 1 0 1 0 0 0 0 0 1 0 1 1 0 1 0 1 0 0 1 1 1 1 0 1 0 1 1 0 1 1 1]"
4,0.8148894066576946,"[1 1 1 1 1 0 1 0 1 1 0 1 0 0 0 0 0 0 0 1 1 0 0 0 1 1 0 0 1 1 1 0 1 0 1 1 0 1 1 0]"
4,0.8481513679873597,"[1 1 1 1 1 0 1 1 1 1 0 1 0 0 0 1 0 1 1 1 1 1 0 0 1 0 1 0 0 1 1 0 1 0 1 1 0 1 1 1]"
4,0.8332678990884991,"[1 1 1 1 1 0 1 1 0 1 0 1 1 1 1 1 0 1 1 1 0 1 0 1 0 1 1 0 1 1 0 0 1 1 0 1 0 1 0 0]"
4,0.09758306266429953,"[1 1 0 0 1 0 1 0 1 1 0 1 1 0 0 1 1 1 1 0 0 0 1 0 1 1 1 1 1 1 1 0 1 1 0 1 0 0 1 1]"
4,0.7523418514376157,"[1 1 1 1 1 0 0 0 1 1 0 1 0 0 0 1 0 1 0 1 1 1 0 0 1 1 1 0 0 1 1 1 1 0 0 1 0 0 1 1]"
4,0.08821402933728195,"[1 1 0 0 1 0 0 0 1 1 0 1 0 0 0 0 0 1 0 1 1 0 1 0 1 0 0 0 1 1 1 0 1 0 1 1 1 1 1 1]"
4,0.8311994325330513,"[1 1 1 1 1 0 1 1 0 1 0 0 1 1 1 1 0 1 1 1 0 1 1 1 0 1 1 0 1 1 0 0 1 1 0 1 0 1 0 0]"
4,0.8311994325330513,"[1 1 1 1 1 0 1 1 0 1 0 0 1 1 1 1 0 1 1 1 0 1 1 1 0 1 1 0 1 1 0 0 1 1 0 1 0 1 0 0]"
4,0.8149220342647302,"[1 1 1 1 1 0 1 0 1 1 0 1 0 0 0 0 0 1 0 1 1 0 1 0 1 0 0 1 1 1 1 0 1 0 1 1 0 1 1 1]"
4,0.2939720083224687,"[1 1 1 0 0 0 1 0 1 0 0 0 0 0 0 0 0 1 0 1 0 0 0 0 1 0 0 0 1 1 1 0 1 0 1 1 0 1 1 1]"
4,0.7523416498114764,"[1 1 1 1 1 0 0 0 1 1 0 1 0 0 0 1 0 1 0 1 1 1 0 0 0 1 1 1 0 1 1 1 1 0 1 1 0 0 1 1]"
4,0.0006329418794703467,"[0 1 1 1 1 0 1 0 1 0 0 1 0 0 0 1 0 1 0 1 1 0 1 0 1 0 0 0 1 1 1 0 1 0 1 0 0 1 1 1]"
4,0.8148913896578536,"[1 1 1 1 1 0 1 0 1 1 0 1 0 0 0 0 0 0 0 1 1 1 0 0 1 1 0 0 1 1 1 0 1 0 1 1 0 0 1 0]"
4,0.583255651983197,"[1 1 1 1 0 0 1 0 1 0 0 1 0 0 0 0 0 1 0 1 0 0 0 0 1 0 0 0 1 1 1 0 1 0 1 1 0 1 1 1]"
4,0.7523381606732091,"[1 1 1 1 1 0 0 0 1 1 0 1 0 0 0 1 0 1 0 1 0 1 0 0 1 1 1 0 0 1 1 1 1 0 1 1 0 0 1 1]"
4,0.41292461038029094,"[1 1 1 0 1 0 1 0 0 1 0 1 0 1 0 0 0 1 0 1 1 1 0 0 1 1 0 0 1 1 1 0 1 0 1 1 0 1 1 0]"
4,0.2804283793039495,"[1 1 1 0 0 0 0 1 0 1 1 0 1 1 1 1 0 1 1 1 0 1 1 1 1 1 1 1 1 1 0 0 1 1 0 1 0 1 0 0]"
4,0.2081554659491204,"[1 1 0 1 1 0 1 0 1 1 0 1 0 0 0 0 1 1 0 1 1 0 1 0 1 0 0 0 1 1 1 1 1 0 1 1 0 1 1 1]"
4,0.8191215505290736,"[1 1 1 1 1 0 1 0 1 1 1 1 0 0 0 1 0 1 0 1 1 1 0 1 1 0 1 0 0 1 1 0 1 0 1 1 0 0 1 1]"
4,0.027266401503617543,"[1 0 1 1 0 0 1 0 1 0 0 1 0 0 0 1 0 1 0 1 0 0 0 0 1 0 0 0 1 1 1 0 1 0 1 1 0 1 1 1]"
4,0.8311994325330513,"[1 1 1 1 1 0 1 1 0 1 0 0 1 1 1 1 0 1 1 1 0 1 1 1 0 1 1 0 1 1 0 0 1 1 0 1 0 1 0 0]"
5,0.29723287839822804,"[1 1 1 0 0 0 1 0 1 1 0 0 0 0 0 0 0 1 0 1 0 0 0 0 1 0 0 0 1 1 1 0 1 0 1 1 0 1 1 1]"
5,0.8149225300397922,"[1 1 1 1 1 0 1 0 1 1 0 1 0 0 0 0 0 1 0 1 1 0 1 1 1 0 0 1 1 1 1 0 1 0 1 1 0 1 1 1]"
5,0.5832556491167548,"[1 1 1 1 0 0 1 0 1 0 0 1 0 0 0 0 0 1 0 1 0 0 0 0 1 0 0 0 1 1 0 0 1 0 1 1 0 1 1 1]"
5,0.8311994327794764,"[1 1 1 1 1 0 1 1 0 1 0 0 1 1 1 1 0 1 1 1 0 1 1 1 0 1 1 0 1 1 0 0 1 1 1 1 0 1 0 0]"
5,0.7523418478331255,"[1 1 1 1 1 0 0 0 1 1 0 1 0 0 0 1 0 1 0 1 1 1 0 0 1 1 1 0 0 1 0 1 1 0 0 1 0 0 1 1]"
5,0.8374187360616917,"[1 1 1 1 1 0 1 1 0 1 1 1 1 1 1 1 0 1 1 1 0 0 0 1 0 1 1 0 1 1 0 0 1 1 0 1 0 1 0 0]"
5,0.7523423128124723,"[1 1 1 1 1 0 0 0 1 1 0 1 0 0 0 1 0 1 0 1 1 1 0 1 1 1 1 0 0 1 1 1 1 0 0 1 0 0 1 1]"
5,0.043976395678088774,"[1 0 1 1 1 0 1 1 0 1 0 0 1 1 1 1 0 1 1 1 0 1 1 1 0 1 1 0 1 1 0 0 1 1 0 1 0 0 0 0]"
5,0.814924017366607,"[1 1 1 1 1 0 1 0 1 1 0 1 0 0 0 0 0 1 0 1 1 1 1 0 1 0 0 1 1 1 1 0 1 0 1 1 0 1 1 1]"
5,0.4304313154360619,"[1 1 1 0 1 0 1 1 0 1 0 0 1 1 0 1 1 1 1 1 0 1 1 1 1 1 1 0 1 1 0 0 0 0 0 1 0 1 1 0]"
5,0.8149141019006556,"[1 1 1 1 1 0 1 0 1 1 0 1 0 0 0 0 0 1 0 0 1 0 1 0 1 0 0 1 1 1 1 0 1 0 1 1 0 1 1 1]"
5,0.5833495863695187,"[1 1 1 1 0 0 1 0 1 0 0 1 0 0 0 1 0 1 0 1 0 0 0 0 1 0 0 0 1 1 1 0 1 0 1 1 0 1 1 1]"
5,0.5713438327986309,"[1 1 1 1 0 0 1 0 0 0 0 1 0 0 0 0 0 1 0 1 0 0 0 0 1 0 0 0 1 1 1 0 1 0 1 1 0 0 1 1]"
5,0.7561298716901165,"[1 1 1 1 1 0 0 0 1 1 1 1 0 0 0 1 0 1 0 1 1 1 0 0 1 0 1 0 0 1 1 0 1 0 1 1 0 0 1 1]"
5,0.8332678990884991,"[1 1 1 1 1 0 1 1 0 1 0 1 1 1 1 1 0 1 1 1 0 1 0 1 0 1 1 0 1 1 0 0 1 1 0 1 0 1 0 0]"
5,0.8480197461869771,"[1 1 1 1 1 0 1 1 1 1 0 1 0 0 0 0 0 1 1 1 1 1 0 0 1 0 0 0 0 1 1 0 1 0 1 1 0 1 0 1]"
5,0.2804283793039495,"[1 1 1 0 0 0 0 1 0 1 1 0 1 1 1 1 0 1 1 1 0 1 1 1 1 1 1 1 1 1 0 0 1 1 0 1 0 1 0 0]"
5,0.8149220342647302,"[1 1 1 1 1 0 1 0 1 1 0 1 0 0 0 0 0 1 0 1 1 0 1 0 1 0 0 1 1 1 1 0 1 0 1 1 0 1 1 1]"
5,0.08821402881361637,"[1 1 0 0 1 0 0 0 1 1 0 1 0 0 0 0 0 1 0 1 1 0 1 0 1 0 0 0 1 1 0 0 1 0 1 1 1 1 1 1]"
5,0.8332691636110988,"[1 1 1 1 1 0 1 1 0 1 0 1 1 1 1 1 0 1 1 1 0 1 1 1 1 1 1 0 1 1 0 0 1 1 0 1 0 1 0 0]"
5,0.8353430249594046,"[1 1 1 1 1 0 1 1 0 1 1 0 1 1 1 1 0 1 1 1 0 1 1 1 0 1 1 0 1 1 0 0 1 1 0 1 0 1 0 0]"
5,0.8128936157718062,"[1 1 1 1 1 0 1 0 1 1 0 0 0 0 0 0 0 1 0 1 1 0 1 0 1 0 0 1 1 1 1 0 1 0 1 1 0 1 1 1]"
5,0.9930011022813091,"[1 1 1 1 1 1 1 1 1 1 0 1 0 0 0 1 1 1 1 1 1 1 0 0 1 0 1 0 0 1 1 0 1 0 1 1 0 1 1 1]"
5,0.2956000385017377,"[1 1 1 0 0 0 1 0 1 0 1 0 0 0 0 0 0 1 0 1 1 0 0 0 1 1 0 0 1 1 1 0 1 0 1 1 0 1 0 1]"
5,0.8332678990884991,"[1 1 1 1 1 0 1 1 0 1 0 1 1 1 1 1 0 1 1 1 0 1 0 1 0 1 1 0 1 1 0 0 1 1 0 1 0 1 0 0]"
6,0.7523423128687925,"[1 1 1 1 1 0 0 0 1 1 0 1 0 0 0 1 0 1 0 1 1 1 0 1 1 1 1 0 0 1 1 1 1 0 0 1 1 0 1 1]"
6,0.8332691636110988,"[1 1 1 1 1 0 1 1 0 1 0 1 1 1 1 1 0 1 1 1 0 1 1 1 1 1 1 0 1 1 0 0 1 1 0 1 0 1 0 0]"
6,0.04412270578431503,"[1 0 1 1 1 0 1 1 0 1 0 1 1 1 1 1 0 1 1 0 0 1 0 1 0 1 1 0 1 1 0 0 1 1 0 1 0 1 0 0]"
6,0.8374220737882936,"[1 1 1 1 1 0 1 1 0 1 1 1 1 1 1 1 0 1 1 1 0 1 1 1 1 1 1 1 1 1 1 0 1 0 0 1 0 1 0 0]"
6,0.8332719455668974,"[1 1 1 1 1 0 1 1 0 1 0 1 1 1 1 1 0 1 1 1 1 1 0 1 0 1 1 0 1 1 0 0 1 1 0 1 0 1 0 0]"
6,0.8374187355655239,"[1 1 1 1 1 0 1 1 0 1 1 1 1 1 1 1 0 1 1 1 0 0 0 1 0 1 1 0 1 1 0 0 1 0 0 1 0 1 0 0]"
6,0.7227173058632405,"[1 1 1 1 0 1 1 1 1 1 0 1 0 0 0 1 1 1 1 1 1 1 0 0 1 0 1 0 0 1 1 0 1 0 1 1 0 1 1 1]"
6,0.5832556491167548,"[1 1 1 1 0 0 1 0 1 0 0 1 0 0 0 0 0 1 0 1 0 0 0 0 1 0 0 0 1 1 0 0 1 0 1 1 0 1 1 1]"
6,0.8128936157718062,"[1 1 1 1 1 0 1 0 1 1 0 0 0 0 0 0 0 1 0 1 1 0 1 0 1 0 0 1 1 1 1 0 1 0 1 1 0 1 1 1]"
6,0.05578864776125226,"[1 0 1 1 1 1 1 1 1 1 0 1 0 0 0 1 1 1 1 1 1 1 1 0 1 0 1 0 1 1 1 1 1 0 1 1 0 1 1 1]"
6,0.8458999376477352,"[1 1 1 1 1 0 1 1 1 1 0 0 0 0 0 0 0 1 0 1 1 0 1 0 1 0 0 1 1 1 1 0 1 0 1 1 0 1 1 1]"
6,0.21351570258415423,"[1 1 0 1 1 0 1 1 0 1 0 1 1 1 1 1 0 1 1 1 0 1 0 1 0 1 1 0 1 0 0 0 1 1 0 1 1 1 0 0]"
6,0.8480197460615228,"[1 1 1 1 1 0 1 1 1 1 0 1 0 0 0 0 0 1 1 1 1 1 0 0 1 0 0 0 0 1 1 0 1 0 1 0 0 1 0 1]"
6,0.7563681263180354,"[1 1 1 1 1 0 0 0 1 1 1 1 0 0 1 1 0 1 0 1 1 1 1 0 1 0 1 0 0 1 1 0 1 0 1 0 0 0 1 1]"
6,0.35403041873481106,"[1 1 1 0 0 1 1 0 1 1 0 0 0 0 0 0 0 1 0 1 0 0 0 0 1 0 0 0 1 1 1 0 1 0 1 1 0 1 1 1]"
6,0.43043354841475545,"[1 1 1 0 1 0 1 1 0 1 0 0 1 1 0 1 1 1 1 1 1 1 1 1 1 1 1 0 1 1 0 0 0 0 0 1 0 1 1 0]"
6,0.9454362049861158,"[1 1 1 1 1 1 1 0 1 0 0 1 0 0 0 1 0 1 0 1 0 0 0 0 1 0 0 0 1 0 1 0 1 0 1 1 0 1 1 1]"
6,0.8480197462497042,"[1 1 1 1 1 0 1 1 1 1 0 1 0 0 0 0 0 1 1 1 1 1 0 0 1 0 0 0 0 1 1 0 1 0 1 1 1 1 0 1]"
6,0.8480115244503535,"[1 1 1 1 1 0 1 1 1 1 0 1 0 0 0 0 0 1 1 0 1 1 0 0 1 0 0 0 0 1 1 0 1 0 1 1 0 1 0 1]"
6,0.9929988811936853,"[1 1 1 1 1 1 1 1 1 1 0 1 0 0 0 1 1 1 1 1 1 0 0 0 1 1 1 0 0 1 1 0 1 0 1 1 0 1 1 1]"
6,0.7526887458793305,"[1 1 1 1 1 0 0 0 1 1 0 1 0 1 0 0 0 1 0 0 1 1 0 0 1 0 0 1 1 1 1 0 1 0 1 1 0 1 1 1]"
6,0.7485686194733083,"[1 1 1 1 1 0 0 0 1 0 1 1 0 0 0 1 0 1 0 1 1 0 0 0 0 0 1 0 0 1 1 0 1 0 1 1 0 0 1 1]"
6,0.2565139485551374,"[1 1 0 1 1 1 1 1 0 1 1 0 1 1 1 1 0 1 0 1 0 1 1 1 0 1 1 0 1 1 0 1 1 1 0 1 0 1 0 0]"
6,0.8229661963169157,"[1 1 1 1 1 0 1 1 0 0 0 0 1 1 1 1 0 1 1 1 0 1 0 0 0 1 1 0 1 1 0 0 1 1 1 1 0 1 0 0]"
6,0.6045579855587799,"[1 1 1 1 0 0 1 1 0 1 1 0 1 1 1 1 0 1 1 1 0 1 1 1 0 1 1 0 1 1 0 0 1 1 0 1 0 1 0 0]"
7,0.8480197460615228,"[1 1 1 1 1 0 1 1 1 1 0 1 0 0 0 0 0 1 1 1 1 1 0 0 1 0 0 0 0 1 1 0 1 0 1 0 0 1 0 1]"
7,0.21465927114800748,"[1 1 0 1 1 0 1 1 0 1 1 1 1 1 0 1 0 1 1 1 0 1 1 0 1 1 1 1 1 1 1 0 1 0 0 1 0 1 0 0]"
7,0.04517407008074044,"[1 0 1 1 1 0 1 1 1 1 0 1 0 0 0 0 0 1 1 1 1 1 0 0 1 0 0 0 0 1 1 0 1 0 0 0 0 1 0 1]"
7,0.8128936157718062,"[1 1 1 1 1 0 1 0 1 1 0 0 0 0 0 0 0 1 0 1 1 0 1 0 1 0 0 1 1 1 1 0 1 0 1 1 0 1 1 1]"
7,0.5832556734703171,"[1 1 1 1 0 0 1 0 1 0 0 1 0 0 0 0 0 1 0 1 0 0 0 0 1 0 0 1 1 1 0 1 1 0 1 1 0 1 0 1]"
7,0.8374058144540781,"[1 1 1 1 1 0 1 1 0 1 1 1 1 1 1 1 0 1 0 1 0 1 1 1 1 1 1 1 1 1 1 0 0 0 0 1 0 1 0 0]"
7,0.8482828795157256,"[1 1 1 1 1 0 1 1 1 1 0 1 0 0 1 0 0 1 1 1 1 1 0 0 1 0 0 0 0 1 1 0 1 0 1 0 0 1 0 1]"
7,0.21351570258415423,"[1 1 0 1 1 0 1 1 0 1 0 1 1 1 1 1 0 1 1 1 0 1 0 1 0 1 1 0 1 0 0 0 1 1 0 1 1 1 0 0]"
7,0.75235707699866,"[1 1 1 1 1 0 0 0 1 1 0 1 0 0 0 1 0 1 1 1 1 1 0 1 1 1 1 0 0 1 1 1 1 0 0 1 1 0 1 1]"
7,0.7489161318655375,"[1 1 1 1 1 0 0 0 1 0 1 1 0 1 0 0 0 1 0 0 1 1 0 0 1 0 0 1 1 1 1 0 1 0 1 1 0 1 1 1]"
7,0.7226603494061302,"[1 1 1 1 0 1 1 1 1 1 0 1 0 0 0 1 0 1 1 1 1 1 0 0 1 0 1 0 0 1 1 0 1 1 1 1 0 1 1 1]"
7,0.58325564947506,"[1 1 1 1 0 0 1 0 1 0 0 1 0 0 0 0 0 1 0 1 0 0 0 0 1 0 0 0 1 1 0 0 1 1 1 1 0 1 1 1]"
7,0.05578839102597421,"[1 0 1 1 1 1 1 1 1 1 0 1 0 0 0 1 1 1 1 1 1 0 0 0 1 1 1 0 0 1 1 0 1 0 1 1 0 1 1 1]"
7,0.21351095018871627,"[1 1 0 1 1 0 1 1 0 1 0 1 1 1 1 1 0 1 0 1 0 1 0 1 0 1 1 0 1 0 0 0 1 1 0 1 1 1 0 0]"
7,0.9929988811936853,"[1 1 1 1 1 1 1 1 1 1 0 1 0 0 0 1 1 1 1 1 1 0 0 0 1 1 1 0 0 1 1 0 1 0 1 1 0 1 1 1]"
7,0.0005958234973022317,"[0 1 1 1 1 0 0 1 1 1 0 1 0 1 0 0 0 1 0 0 1 1 0 0 1 0 0 1 1 1 1 0 1 0 1 1 1 1 1 1]"
7,0.8332719455668974,"[1 1 1 1 1 0 1 1 0 1 0 1 1 1 1 1 0 1 1 1 1 1 0 1 0 1 1 0 1 1 0 0 1 1 0 1 0 1 0 0]"
7,0.8480197460615228,"[1 1 1 1 1 0 1 1 1 1 0 1 0 0 0 0 0 1 1 1 1 1 0 0 1 0 0 0 0 1 1 0 1 0 1 0 0 1 0 1]"
7,0.7834908979192675,"[1 1 1 1 1 0 0 1 1 1 0 1 0 1 0 0 0 1 0 0 1 1 0 0 1 0 0 1 1 1 1 0 0 0 1 1 1 1 1 1]"
7,0.41248683936375635,"[1 1 1 0 1 0 1 0 0 1 0 0 1 1 0 1 1 1 1 1 1 1 1 1 1 1 1 0 1 1 0 0 0 0 0 1 0 1 1 0]"
7,0.8458999396191945,"[1 1 1 1 1 0 1 1 1 1 0 0 0 0 0 0 0 1 0 1 1 0 1 0 1 0 0 1 1 1 1 1 1 0 1 1 0 0 1 1]"
7,0.8332691636110988,"[1 1 1 1 1 0 1 1 0 1 0 1 1 1 1 1 0 1 1 1 0 1 1 1 1 1 1 0 1 1 0 0 1 1 0 1 0 1 0 0]"
7,0.7485392251022149,"[1 1 1 1 1 0 0 0 1 0 1 1 0 0 0 1 0 0 0 1 1 0 0 0 0 0 1 0 0 1 1 0 1 0 0 1 0 0 1 1]"
7,0.8131469193338042,"[1 1 1 1 1 0 1 0 1 1 0 0 0 0 1 0 0 1 0 1 1 0 1 0 1 0 0 1 1 1 1 0 1 0 1 1 0 1 1 1]"
7,0.8128936776048283,"[1 1 1 1 1 0 1 0 1 1 0 0 0 0 0 0 0 1 0 1 1 0 1 0 1 0 1 1 1 1 1 0 1 0 1 1 0 1 1 1]"
8,0.5832497790279666,"[1 1 1 1 0 0 1 0 1 0 0 1 0 0 0 0 0 1 0 0 0 0 0 0 1 0 0 0 1 1 0 0 1 1 1 1 0 1 1 1]"
8,0.583255649463863,"[1 1 1 1 0 0 1 0 1 0 0 1 0 0 0 0 0 1 0 1 0 0 0 0 1 0 0 0 1 1 0 0 1 1 1 1 0 1 0 1]"
8,0.7485393399210799,"[1 1 1 1 1 0 0 0 1 0 1 1 0 0 0 1 0 0 0 1 1 0 0 0 0 1 1 0 0 1 1 0 1 0 0 1 0 0 1 1]"
8,0.7226603633111283,"[1 1 1 1 0 1 1 1 1 1 0 1 0 0 0 1 0 1 1 1 1 1 0 0 1 0 1 0 1 1 1 0 1 1 1 1 0 1 1 1]"
8,0.8374058144540781,"[1 1 1 1 1 0 1 1 0 1 1 1 1 1 1 1 0 1 0 1 0 1 1 1 1 1 1 1 1 1 1 0 0 0 0 1 0 1 0 0]"
8,0.8485460864509538,"[1 1 1 1 1 0 1 1 1 1 0 1 0 1 0 0 0 1 1 1 1 1 0 0 1 0 0 0 0 1 1 0 1 0 1 0 0 1 0 1]"
8,0.4206985630612428,"[1 1 1 0 1 0 1 0 1 1 0 0 0 1 0 0 0 1 0 1 1 0 1 0 1 0 1 1 1 1 1 0 1 0 1 1 1 1 1 1]"
8,0.5832498030006125,"[1 1 1 1 0 0 1 0 1 0 0 1 0 0 0 0 0 1 0 0 0 0 0 0 1 0 0 1 1 1 0 1 1 0 1 1 0 0 0 1]"
8,0.812893615522723,"[1 1 1 1 1 0 1 0 1 1 0 0 0 0 0 0 0 1 0 1 1 0 1 0 1 0 0 1 1 1 1 0 1 0 0 1 0 1 1 0]"
8,0.8332719455668974,"[1 1 1 1 1 0 1 1 0 1 0 1 1 1 1 1 0 1 1 1 1 1 0 1 0 1 1 0 1 1 0 0 1 1 0 1 0 1 0 0]"
8,0.9929988811936853,"[1 1 1 1 1 1 1 1 1 1 0 1 0 0 0 1 1 1 1 1 1 0 0 0 1 1 1 0 0 1 1 0 1 0 1 1 0 1 1 1]"
8,0.75235707699866,"[1 1 1 1 1 0 0 0 1 1 0 1 0 0 0 1 0 1 1 1 1 1 0 1 1 1 1 0 0 1 1 1 1 0 0 1 1 0 1 1]"
8,0.0006967884636738042,"[0 1 1 1 1 0 1 1 1 1 0 0 0 0 0 0 0 1 0 1 1 0 1 0 1 0 0 1 1 1 1 1 1 0 1 1 0 0 1 1]"
8,0.606099993309454,"[1 1 1 1 0 0 1 1 0 1 1 1 1 1 1 1 0 1 0 1 0 1 1 1 1 1 1 1 1 1 1 0 0 0 0 1 0 1 0 0]"
8,0.9929988811936853,"[1 1 1 1 1 1 1 1 1 1 0 1 0 0 0 1 1 1 1 1 1 0 0 0 1 1 1 0 0 1 1 0 1 0 1 1 0 1 1 1]"
8,0.8480197460615228,"[1 1 1 1 1 0 1 1 1 1 0 1 0 0 0 0 0 1 1 1 1 1 0 0 1 0 0 0 0 1 1 0 1 0 1 0 0 1 0 1]"
8,0.8458958339860019,"[1 1 1 1 1 0 1 1 1 1 0 0 0 0 0 0 0 1 0 1 0 0 1 0 1 0 0 1 1 1 0 1 1 0 1 1 0 0 1 1]"
8,0.8128938012708853,"[1 1 1 1 1 0 1 0 1 1 0 0 0 0 0 0 0 1 0 1 1 0 1 0 1 1 1 1 1 1 1 0 1 0 1 1 0 1 1 1]"
8,0.8374058104847911,"[1 1 1 1 1 0 1 1 0 1 1 1 1 1 1 1 0 1 0 1 0 1 1 1 1 1 1 1 1 1 0 0 0 0 0 1 0 1 0 0]"
8,0.8374055604197405,"[1 1 1 1 1 0 1 1 0 1 1 1 1 1 1 1 0 1 0 1 0 1 1 1 0 1 1 1 1 1 1 0 0 0 0 1 0 1 0 0]"
8,0.8149220342647302,"[1 1 1 1 1 0 1 0 1 1 0 1 0 0 0 0 0 1 0 1 1 0 1 0 1 0 0 1 1 1 1 0 1 0 1 1 0 1 1 1]"
8,0.8149220342647302,"[1 1 1 1 1 0 1 0 1 1 0 1 0 0 0 0 0 1 0 1 1 0 1 0 1 0 0 1 1 1 1 0 1 0 1 1 0 1 1 1]"
8,0.8469505373039008,"[1 1 1 1 1 0 1 1 1 1 0 0 1 0 0 0 0 1 0 1 1 0 1 0 1 0 0 1 1 0 1 1 1 0 1 1 0 0 1 1]"
8,0.8128936157718062,"[1 1 1 1 1 0 1 0 1 1 0 0 0 0 0 0 0 1 0 1 1 0 1 0 1 0 0 1 1 1 1 0 1 0 1 1 0 1 1 1]"
8,0.8459000677953488,"[1 1 1 1 1 0 1 1 1 1 0 0 0 0 0 0 0 1 0 1 1 0 1 0 1 1 0 1 1 1 1 1 1 0 1 1 0 0 1 1]"
9,0.43984885029723936,"[1 1 1 0 1 0 1 1 1 1 0 1 0 0 0 0 0 1 1 1 1 1 0 0 0 0 1 0 0 1 1 0 1 0 1 0 0 1 0 1]"
9,0.0453233848049707,"[1 0 1 1 1 0 1 1 1 1 1 0 0 0 0 0 0 1 0 1 1 0 1 0 1 1 0 1 1 1 1 1 1 0 1 0 0 0 1 1]"
9,0.8374058144540781,"[1 1 1 1 1 0 1 1 0 1 1 1 1 1 1 1 0 1 0 1 0 1 1 1 1 1 1 1 1 1 1 0 0 0 0 1 0 1 0 0]"
9,0.7153272495566657,"[1 1 1 1 0 1 1 1 1 0 0 1 0 0 0 0 1 1 0 1 0 0 0 0 1 0 0 0 1 1 0 0 1 1 1 1 0 1 0 1]"
9,0.9929988811936853,"[1 1 1 1 1 1 1 1 1 1 0 1 0 0 0 1 1 1 1 1 1 0 0 0 1 1 1 0 0 1 1 0 1 0 1 1 0 1 1 1]"
9,0.7523569616528848,"[1 1 1 1 1 0 0 0 1 1 0 1 0 0 0 1 0 1 1 1 1 1 0 1 1 0 1 0 0 1 1 1 1 0 0 1 1 0 1 1]"
9,0.8149222201803467,"[1 1 1 1 1 0 1 0 1 1 0 1 0 0 0 0 0 1 0 1 1 0 1 0 1 1 1 1 1 1 1 0 1 0 1 1 0 1 1 1]"
9,0.8374058144540781,"[1 1 1 1 1 0 1 1 0 1 1 1 1 1 1 1 0 1 0 1 0 1 1 1 1 1 1 1 1 1 1 0 0 0 0 1 0 1 0 0]"
9,0.2135168930003002,"[1 1 0 1 1 0 1 1 0 1 0 1 1 1 1 1 0 1 1 1 1 1 0 1 0 1 1 0 1 1 0 0 1 1 0 1 0 1 0 0]"
9,0.8459000597843386,"[1 1 1 1 1 0 1 1 1 1 0 0 0 0 0 0 0 1 0 1 1 0 1 0 1 1 0 1 1 0 1 1 1 0 1 1 0 0 1 1]"
9,0.000491118428881126,"[0 1 1 1 0 1 1 1 0 1 1 1 1 1 1 1 0 1 0 1 0 1 1 1 1 1 1 1 1 1 1 0 0 0 0 1 0 0 0 0]"
9,0.5832497790279666,"[1 1 1 1 0 0 1 0 1 0 0 1 0 0 0 0 0 1 0 0 0 0 0 0 1 0 0 0 1 1 0 0 1 1 1 1 0 1 1 1]"
9,0.7849612309161452,"[1 1 1 1 1 0 0 1 1 1 1 0 0 0 0 0 0 1 0 0 1 0 1 0 1 0 0 1 1 1 1 0 1 0 0 1 0 1 1 0]"
9,0.848546086199905,"[1 1 1 1 1 0 1 1 1 1 0 1 0 1 0 0 0 1 1 1 1 1 0 0 1 0 0 0 0 1 1 0 1 0 0 0 0 1 0 1]"
9,0.7503316210917403,"[1 1 1 1 1 0 0 0 1 1 0 0 0 0 0 0 0 1 0 1 0 0 1 0 1 0 0 1 1 1 0 0 1 0 1 1 0 0 1 1]"
9,0.8385460504155606,"[1 1 1 1 1 0 1 1 1 0 0 0 1 0 0 0 0 0 0 1 1 0 1 0 1 1 0 1 1 1 1 1 1 0 1 1 0 0 1 1]"
9,0.8128938012708853,"[1 1 1 1 1 0 1 0 1 1 0 0 0 0 0 0 0 1 0 1 1 0 1 0 1 1 1 1 1 1 1 0 1 0 1 1 0 1 1 1]"
9,0.84800232377345,"[1 1 1 1 1 0 1 1 1 1 0 1 0 0 0 0 0 1 0 1 1 0 1 0 1 0 0 1 1 1 1 0 1 1 1 1 0 1 1 1]"
9,0.055606887024446675,"[1 0 1 1 1 1 1 1 1 1 0 0 0 0 0 1 1 1 1 1 1 0 0 0 1 1 1 1 0 1 1 0 1 0 1 1 0 1 1 1]"
9,0.9929988809044814,"[1 1 1 1 1 1 1 1 1 1 0 1 0 0 0 1 1 1 1 1 1 0 0 0 1 1 1 0 0 1 1 0 1 0 0 1 0 1 1 1]"
9,0.8373407849196518,"[1 1 1 1 1 0 1 1 0 1 1 1 1 1 1 0 1 1 0 1 0 1 1 1 1 1 1 1 1 1 1 0 1 0 0 1 0 1 0 0]"
9,0.8374054333715876,"[1 1 1 1 1 0 1 1 0 1 1 1 1 1 1 1 0 1 0 1 0 1 1 1 0 0 1 1 1 1 1 0 0 0 0 1 0 0 0 0]"
9,0.9929988811936853,"[1 1 1 1 1 1 1 1 1 1 0 1 0 0 0 1 1 1 1 1 1 0 0 0 1 1 1 0 0 1 1 0 1 0 1 1 0 1 1 1]"
9,0.9929988811936853,"[1 1 1 1 1 1 1 1 1 1 0 1 0 0 0 1 1 1 1 1 1 0 0 0 1 1 1 0 0 1 1 0 1 0 1 1 0 1 1 1]"
9,0.045188032263606986,"[1 0 1 1 1 0 1 1 1 1 0 1 0 0 0 1 1 1 1 1 1 0 0 0 1 1 1 0 0 1 1 0 1 0 1 0 0 1 0 1]"
10,0.9929994640118508,"[1 1 1 1 1 1 1 1 1 1 0 1 0 0 0 1 1 1 1 1 1 0 0 1 1 1 1 0 0 0 1 0 1 0 0 1 1 1 1 1]"
10,0.9929988811936853,"[1 1 1 1 1 1 1 1 1 1 0 1 0 0 0 1 1 1 1 1 1 0 0 0 1 1 1 0 0 1 1 0 1 0 1 1 0 1 1 1]"
10,0.9929994734832811,"[1 1 1 1 1 1 1 1 1 1 0 1 0 0 0 1 1 1 1 1 1 0 0 1 1 1 1 0 0 1 1 0 1 0 1 1 0 1 1 1]"
10,0.8373407849196518,"[1 1 1 1 1 0 1 1 0 1 1 1 1 1 1 0 1 1 0 1 0 1 1 1 1 1 1 1 1 1 1 0 1 0 0 1 0 1 0 0]"
10,0.8189927297983612,"[1 1 1 1 1 0 1 0 1 1 1 1 0 0 0 0 0 1 0 1 1 0 1 0 1 1 1 1 1 1 1 0 1 0 1 1 0 1 1 1]"
10,0.045323090035276285,"[1 0 1 1 1 0 1 1 1 1 1 0 0 0 0 0 0 1 0 1 0 0 1 0 1 1 0 1 1 1 0 1 1 0 1 0 0 0 1 1]"
10,0.0453233848049707,"[1 0 1 1 1 0 1 1 1 1 1 0 0 0 0 0 0 1 0 1 1 0 1 0 1 1 0 1 1 1 1 1 1 0 1 0 0 0 1 1]"
10,0.9930012489079542,"[1 1 1 1 1 1 1 1 1 1 0 1 0 0 0 1 1 1 1 1 1 1 0 0 1 1 1 0 0 1 1 0 0 0 0 1 0 1 1 1]"
10,0.7968292508811488,"[1 1 1 1 1 0 1 0 0 1 0 0 0 0 0 0 0 1 0 1 1 0 1 0 1 1 0 1 1 0 1 1 1 0 1 1 0 0 1 1]"
10,0.8368856974879308,"[1 1 1 1 1 0 1 1 0 1 1 1 1 0 1 1 0 1 0 1 0 1 1 1 1 1 1 1 1 1 1 0 0 0 0 1 0 1 0 0]"
10,0.8485460864509538,"[1 1 1 1 1 0 1 1 1 1 0 1 0 1 0 0 0 1 1 1 1 1 0 0 1 0 0 0 0 1 1 0 1 0 1 0 0 1 0 1]"
10,0.8149222201803467,"[1 1 1 1 1 0 1 0 1 1 0 1 0 0 0 0 0 1 0 1 1 0 1 0 1 1 1 1 1 1 1 0 1 0 1 1 0 1 1 1]"
10,0.9929988811936853,"[1 1 1 1 1 1 1 1 1 1 0 1 0 0 0 1 1 1 1 1 1 0 0 0 1 1 1 0 0 1 1 0 1 0 1 1 0 1 1 1]"
10,0.21471195498288997,"[1 1 0 1 1 0 1 1 0 1 1 1 1 1 1 0 1 1 0 1 0 1 1 1 1 1 1 1 1 1 1 0 1 0 0 1 0 0 0 0]"
10,0.8459000597843386,"[1 1 1 1 1 0 1 1 1 1 0 0 0 0 0 0 0 1 0 1 1 0 1 0 1 1 0 1 1 0 1 1 1 0 1 1 0 0 1 1]"
10,0.8427226450721687,"[1 1 1 1 1 0 1 1 1 0 1 0 1 0 0 0 0 0 0 1 1 0 1 0 1 1 1 1 1 1 1 1 1 0 1 1 0 0 1 1]"
10,0.4215484612152064,"[1 1 1 0 1 0 1 0 1 1 0 1 0 0 0 0 0 1 1 1 1 1 0 0 0 0 1 0 0 1 1 0 1 0 1 0 0 1 0 1]"
10,0.7810433070588947,"[1 1 1 1 1 0 0 1 1 1 0 0 0 0 0 0 0 1 0 0 1 0 1 0 1 0 0 1 1 1 1 0 1 0 0 1 0 1 1 0]"
10,0.8374053024161873,"[1 1 1 1 1 0 1 1 0 1 1 1 1 1 1 1 0 1 0 1 0 1 1 0 1 1 1 1 1 1 0 0 0 0 0 1 0 1 0 0]"
10,0.8459019824287329,"[1 1 1 1 1 0 1 1 1 1 0 0 0 0 0 0 0 1 0 1 1 1 1 0 1 0 0 1 1 0 1 1 1 0 1 1 0 0 1 1]"
10,0.5205446194467964,"[1 1 1 0 1 1 1 1 1 1 0 1 0 0 0 1 1 1 1 1 1 0 0 0 1 0 1 0 0 1 1 0 1 0 1 1 0 1 1 1]"
10,0.7227156369227883,"[1 1 1 1 0 1 1 1 1 1 0 1 0 0 0 1 1 1 1 1 1 0 0 0 1 1 1 0 0 1 1 0 1 0 0 1 0 1 1 0]"
10,0.8374056874369007,"[1 1 1 1 1 0 1 1 0 1 1 1 1 1 1 1 0 1 0 1 0 1 1 1 1 0 1 1 1 1 1 0 0 0 0 1 0 1 0 0]"
10,0.2135168930003002,"[1 1 0 1 1 0 1 1 0 1 0 1 1 1 1 1 0 1 1 1 1 1 0 1 0 1 1 0 1 1 0 0 1 1 0 1 0 1 0 0]"
10,0.845867247259676,"[1 1 1 1 1 0 1 1 1 1 0 0 0 0 0 0 0 0 0 1 1 0 1 0 1 1 0 1 1 0 1 1 1 0 1 1 0 0 1 1]"
11,0.7560252942472951,"[1 1 1 1 1 0 0 0 1 1 1 1 0 0 0 0 0 1 1 1 1 0 1 0 1 1 1 1 1 1 1 0 1 0 0 1 0 1 1 1]"
11,0.9929183327706288,"[1 1 1 1 1 1 1 1 1 1 0 1 0 0 0 1 0 1 1 1 0 0 0 0 1 1 1 0 0 1 1 0 1 0 1 1 0 1 1 1]"
11,0.26024442260364444,"[1 1 0 1 1 1 1 1 1 1 0 0 0 0 0 1 1 1 1 1 1 1 0 0 1 0 1 0 0 1 1 0 0 0 0 1 0 1 1 0]"
11,0.4991204310888286,"[1 1 1 0 1 1 1 0 1 1 0 1 0 0 0 0 0 1 1 1 1 1 0 0 0 0 1 0 0 1 1 0 1 0 1 0 0 1 0 1]"
11,0.37077831825031876,"[1 1 1 0 0 1 1 1 1 1 0 1 0 0 0 1 1 1 1 1 1 1 0 0 1 1 1 0 0 1 1 0 1 0 0 1 0 1 1 0]"
11,0.21965343122871195,"[1 1 0 1 1 0 1 1 1 1 1 1 1 1 1 0 1 1 0 1 0 1 1 1 1 1 1 1 1 1 1 0 1 0 0 1 0 0 0 0]"
11,0.7780937766619174,"[1 1 1 1 1 0 0 1 1 0 1 0 1 0 0 0 0 0 0 1 1 0 1 0 1 1 1 1 1 1 1 1 1 0 1 1 0 0 1 1]"
11,0.5757885953133374,"[1 1 1 1 0 0 1 0 0 1 0 0 0 0 0 0 0 1 0 1 1 0 1 0 1 1 0 1 1 0 1 1 1 0 1 1 0 0 1 1]"
11,0.8374056874369007,"[1 1 1 1 1 0 1 1 0 1 1 1 1 1 1 1 0 1 0 1 0 1 1 1 1 0 1 1 1 1 1 0 0 0 0 1 0 1 0 0]"
11,0.7227013973507185,"[1 1 1 1 0 1 1 1 1 1 0 1 0 0 0 1 1 1 0 1 1 0 0 0 1 1 1 0 0 1 1 0 1 0 0 1 0 1 1 0]"
11,0.9929988811936853,"[1 1 1 1 1 1 1 1 1 1 0 1 0 0 0 1 1 1 1 1 1 0 0 0 1 1 1 0 0 1 1 0 1 0 1 1 0 1 1 1]"
11,0.9929994640118508,"[1 1 1 1 1 1 1 1 1 1 0 1 0 0 0 1 1 1 1 1 1 0 0 1 1 1 1 0 0 0 1 0 1 0 0 1 1 1 1 1]"
11,0.837340780958394,"[1 1 1 1 1 0 1 1 0 1 1 1 1 1 1 0 1 1 0 1 0 1 1 1 1 1 1 1 1 1 0 0 1 0 0 1 0 1 0 1]"
11,0.837357041132954,"[1 1 1 1 1 0 1 1 0 1 1 1 1 1 1 0 1 1 1 1 0 1 1 1 1 1 1 1 1 1 1 0 0 0 0 1 0 1 0 0]"
11,0.7810509366878154,"[1 1 1 1 1 0 0 1 1 1 0 0 0 0 0 0 0 1 0 1 1 0 1 0 1 0 0 1 1 0 1 1 1 0 1 1 0 0 1 1]"
11,0.9929988811936853,"[1 1 1 1 1 1 1 1 1 1 0 1 0 0 0 1 1 1 1 1 1 0 0 0 1 1 1 0 0 1 1 0 1 0 1 1 0 1 1 1]"
11,0.8108699275278384,"[1 1 1 1 1 0 1 0 1 0 1 1 0 0 0 0 0 1 0 1 1 0 1 0 1 1 1 1 1 1 1 0 1 0 1 1 0 1 1 1]"
11,0.9942125569715717,"[1 1 1 1 1 1 1 1 1 1 0 1 1 0 0 1 1 1 1 1 1 0 0 0 1 1 1 0 0 1 1 0 1 0 1 1 0 1 1 1]"
11,0.9930012489079542,"[1 1 1 1 1 1 1 1 1 1 0 1 0 0 0 1 1 1 1 1 1 1 0 0 1 1 1 0 0 1 1 0 0 0 0 1 0 1 1 1]"
11,0.7968292508811488,"[1 1 1 1 1 0 1 0 0 1 0 0 0 0 0 0 0 1 0 1 1 0 1 0 1 1 0 1 1 0 1 1 1 0 1 1 0 0 1 1]"
11,0.8459017260759198,"[1 1 1 1 1 0 1 1 1 1 0 0 0 0 0 0 0 1 0 1 1 1 1 0 0 0 0 1 1 0 1 1 1 0 1 1 0 0 1 1]"
11,0.7780937618005466,"[1 1 1 1 1 0 0 1 1 0 1 0 1 0 0 0 0 0 0 1 1 0 1 0 1 1 1 1 0 1 1 1 1 0 1 1 0 0 1 1]"
11,0.9942131357984502,"[1 1 1 1 1 1 1 1 1 1 0 1 1 0 0 1 1 1 1 1 1 0 0 1 1 1 1 0 0 0 0 0 1 0 0 1 1 1 1 1]"
11,0.8374220727959545,"[1 1 1 1 1 0 1 1 0 1 1 1 1 1 1 1 0 1 1 1 0 1 1 1 1 1 1 1 1 1 1 0 0 0 0 1 0 1 0 0]"
11,0.05578843540417718,"[1 0 1 1 1 1 1 1 1 1 0 1 0 0 0 1 1 1 1 1 1 0 0 1 1 1 1 0 0 1 1 0 1 0 1 1 0 1 1 1]"
12,0.8331882687705372,"[1 1 1 1 1 0 1 1 0 1 0 1 1 1 1 0 1 1 0 1 0 1 1 1 1 1 1 1 1 1 0 0 1 0 0 1 0 1 0 1]"
12,0.8190085412946169,"[1 1 1 1 1 0 1 0 1 1 1 1 0 0 0 0 0 1 1 1 1 0 1 0 1 0 1 1 1 1 1 0 1 0 0 1 0 1 1 1]"
12,0.9928283148767939,"[1 1 1 1 1 1 1 1 1 1 0 1 0 0 0 0 1 1 0 1 1 0 0 0 1 1 1 0 0 1 1 0 1 0 1 0 0 1 1 1]"
12,0.9935872089487958,"[1 1 1 1 1 1 1 1 1 1 0 1 0 1 0 1 1 1 0 1 1 0 0 1 1 1 1 1 0 0 1 0 1 0 0 1 1 1 1 1]"
12,0.9942125940303799,"[1 1 1 1 1 1 1 1 1 1 0 1 1 0 0 1 1 1 1 1 1 0 0 0 1 1 1 1 0 1 1 0 1 0 1 1 0 1 1 1]"
12,0.0006967914572939259,"[0 1 1 1 1 0 1 1 1 1 0 0 0 0 0 0 0 1 0 1 1 1 1 0 0 0 0 1 1 0 1 1 1 0 1 1 0 0 1 1]"
12,0.49989583095294626,"[1 1 1 0 1 1 1 0 1 1 0 1 1 0 0 1 1 1 1 1 1 0 0 1 1 1 1 0 0 0 0 0 1 0 0 1 1 1 1 1]"
12,0.9917681841327065,"[1 1 1 1 1 1 1 1 1 1 0 0 1 0 0 1 1 1 0 1 1 0 0 1 1 1 1 0 0 0 0 0 1 0 0 0 1 1 1 1]"
12,0.8108686936092893,"[1 1 1 1 1 0 1 0 1 0 1 1 0 0 0 0 0 1 0 1 1 0 0 0 0 1 1 1 1 1 1 0 1 0 1 1 0 0 1 1]"
12,0.7561439348732266,"[1 1 1 1 1 0 0 0 1 1 1 1 0 0 0 1 0 1 1 1 1 0 1 0 1 1 1 1 1 1 1 0 1 0 0 1 0 1 1 1]"
12,0.8499906467017211,"[1 1 1 1 1 0 1 1 1 1 0 1 1 1 1 1 0 1 1 1 0 0 1 1 1 1 1 1 1 1 1 1 0 0 0 1 0 1 0 0]"
12,0.8482152262715897,"[1 1 1 1 1 0 1 1 1 1 0 1 0 0 0 1 1 1 1 1 1 0 0 0 1 1 1 0 0 1 1 0 1 0 1 1 0 1 1 1]"
12,0.8363009104779113,"[1 1 1 1 1 0 1 1 0 1 1 1 0 1 1 0 1 1 0 1 0 1 1 1 1 1 1 1 1 1 0 0 1 0 0 1 0 1 0 1]"
12,0.8481458432285195,"[1 1 1 1 1 0 1 1 1 1 0 1 0 0 0 1 0 1 1 1 0 0 0 1 1 1 1 0 0 1 1 0 1 0 1 1 0 1 1 1]"
12,0.8047142073037473,"[1 1 1 1 1 0 1 0 0 1 1 1 1 1 1 1 0 1 1 1 0 1 1 1 1 1 1 1 1 1 1 0 0 0 0 1 0 1 0 0]"
12,0.7780937766909435,"[1 1 1 1 1 0 0 1 1 0 1 0 1 0 0 0 0 0 0 1 1 0 1 0 1 1 1 1 1 1 1 1 1 0 1 1 0 1 1 1]"
12,0.8459017260759198,"[1 1 1 1 1 0 1 1 1 1 0 0 0 0 0 0 0 1 0 1 1 1 1 0 0 0 0 1 1 0 1 1 1 0 1 1 0 0 1 1]"
12,0.8108857214489229,"[1 1 1 1 1 0 1 0 1 0 1 1 0 0 0 0 0 1 1 1 1 0 1 0 1 1 1 1 1 1 1 0 1 0 1 1 0 1 1 1]"
12,0.837340780958394,"[1 1 1 1 1 0 1 1 0 1 1 1 1 1 1 0 1 1 0 1 0 1 1 1 1 1 1 1 1 1 0 0 1 0 0 1 0 1 0 1]"
12,0.9942036487794795,"[1 1 1 1 1 1 1 1 1 1 0 1 1 0 0 1 1 1 1 0 1 0 0 1 1 1 1 0 0 0 0 0 1 0 0 1 1 1 1 1]"
12,0.9560311150484878,"[1 1 1 1 1 1 1 0 1 1 0 1 1 0 0 1 1 1 1 1 1 0 1 0 1 1 1 0 0 1 1 0 1 0 1 1 0 1 1 1]"
12,0.0005920240685469377,"[0 1 1 1 1 0 0 1 1 1 0 0 0 0 0 0 0 1 0 1 1 0 1 0 1 0 0 1 1 0 1 1 1 0 1 1 0 0 1 1]"
12,0.9942131357984502,"[1 1 1 1 1 1 1 1 1 1 0 1 1 0 0 1 1 1 1 1 1 0 0 1 1 1 1 0 0 0 0 0 1 0 0 1 1 1 1 1]"
12,0.9942125569715717,"[1 1 1 1 1 1 1 1 1 1 0 1 1 0 0 1 1 1 1 1 1 0 0 0 1 1 1 0 0 1 1 0 1 0 1 1 0 1 1 1]"
12,0.8459017260759198,"[1 1 1 1 1 0 1 1 1 1 0 0 0 0 0 0 0 1 0 1 1 1 1 0 0 0 0 1 1 0 1 1 1 0 1 1 0 0 1 1]"
13,0.8460959552999199,"[1 1 1 1 1 0 1 1 1 1 0 0 0 0 0 1 1 1 0 1 1 0 0 0 1 1 1 0 0 1 1 0 1 0 1 0 0 1 1 0]"
13,0.9945173565322553,"[1 1 1 1 1 1 1 1 1 1 0 1 1 0 1 1 1 1 1 1 1 0 1 0 1 1 1 0 0 0 0 0 1 0 0 1 1 1 1 1]"
13,0.9948015318340931,"[1 1 1 1 1 1 1 1 1 1 0 1 1 1 0 1 1 1 0 1 1 0 0 1 1 1 1 1 0 0 1 0 1 0 0 1 1 1 1 1]"
13,0.8331882687705372,"[1 1 1 1 1 0 1 1 0 1 0 1 1 1 1 0 1 1 0 1 0 1 1 1 1 1 1 1 1 1 0 0 1 0 0 1 0 1 0 1]"
13,0.8108854746667767,"[1 1 1 1 1 0 1 0 1 0 1 1 0 0 0 0 0 1 1 1 1 0 1 0 0 1 1 1 1 1 1 0 1 0 1 1 0 1 1 1]"
13,0.9928283148767939,"[1 1 1 1 1 1 1 1 1 1 0 1 0 0 0 0 1 1 0 1 1 0 0 0 1 1 1 0 0 1 1 0 1 0 1 0 0 1 1 1]"
13,0.8190106578475147,"[1 1 1 1 1 0 1 0 1 1 1 1 0 0 0 0 0 1 1 1 1 1 1 0 1 1 1 1 1 1 1 0 1 0 0 1 0 1 1 1]"
13,0.8331882687705372,"[1 1 1 1 1 0 1 1 0 1 0 1 1 1 1 0 1 1 0 1 0 1 1 1 1 1 1 1 1 1 0 0 1 0 0 1 0 1 0 1]"
13,0.996634986711224,"[1 1 1 1 1 1 1 1 1 1 1 0 1 0 0 1 1 1 1 0 1 0 0 1 1 1 1 0 0 0 0 0 1 0 0 1 1 1 1 1]"
13,0.9928283148767939,"[1 1 1 1 1 1 1 1 1 1 0 1 0 0 0 0 1 1 0 1 1 0 0 0 1 1 1 0 0 1 1 0 1 0 1 0 0 1 1 1]"
13,0.991768221109503,"[1 1 1 1 1 1 1 1 1 1 0 0 1 0 0 1 1 1 0 1 1 0 0 1 1 1 1 1 0 0 0 0 1 0 0 0 1 1 1 1]"
13,0.9560311150484878,"[1 1 1 1 1 1 1 0 1 1 0 1 1 0 0 1 1 1 1 1 1 0 1 0 1 1 1 0 0 1 1 0 1 0 1 1 0 1 1 1]"
13,0.8047142073037473,"[1 1 1 1 1 0 1 0 0 1 1 1 1 1 1 1 0 1 1 1 0 1 1 1 1 1 1 1 1 1 1 0 0 0 0 1 0 1 0 0]"
13,0.26133635878245964,"[1 1 0 1 1 1 1 1 1 1 0 1 1 0 0 1 1 1 1 1 1 0 0 1 1 1 1 0 0 0 0 0 1 0 0 1 1 1 1 1]"
13,0.8482152262715897,"[1 1 1 1 1 0 1 1 1 1 0 1 0 0 0 1 1 1 1 1 1 0 0 0 1 1 1 0 0 1 1 0 1 0 1 1 0 1 1 1]"
13,0.811138955304932,"[1 1 1 1 1 0 1 0 1 0 1 1 0 0 1 0 0 1 1 1 1 0 1 1 1 1 1 1 1 1 1 0 1 0 0 1 0 1 1 1]"
13,0.9917681841327065,"[1 1 1 1 1 1 1 1 1 1 0 0 1 0 0 1 1 1 0 1 1 0 0 1 1 1 1 0 0 0 0 0 1 0 0 0 1 1 1 1]"
13,0.5212243890282279,"[1 1 1 0 1 1 1 1 1 1 0 1 1 0 0 1 1 1 1 1 1 0 1 1 1 1 1 0 0 0 0 1 1 0 0 1 1 1 1 1]"
13,0.8481458432285195,"[1 1 1 1 1 0 1 1 1 1 0 1 0 0 0 1 0 1 1 1 0 0 0 1 1 1 1 0 0 1 1 0 1 0 1 1 0 1 1 1]"
13,0.991768184123679,"[1 1 1 1 1 1 1 1 1 1 0 0 1 0 0 1 1 1 0 1 1 0 0 1 1 1 1 0 0 0 0 0 1 0 0 0 1 1 1 0]"
13,0.810868685897492,"[1 1 1 1 1 0 1 0 1 0 1 1 0 0 0 0 0 1 0 1 1 0 0 0 0 1 1 1 1 0 1 0 1 0 1 1 0 0 1 1]"
13,0.94553275116835,"[1 1 1 1 1 1 1 0 1 0 0 1 0 0 0 1 1 1 1 1 1 0 1 0 1 1 1 0 0 1 1 0 1 0 1 1 0 1 1 1]"
13,0.9917675925041308,"[1 1 1 1 1 1 1 1 1 1 0 0 1 0 0 1 1 1 0 1 1 0 0 0 1 1 1 0 0 0 0 0 1 0 0 0 1 1 1 1]"
13,0.9935491347178625,"[1 1 1 1 1 1 1 1 1 1 0 1 0 1 0 1 1 0 0 1 1 0 0 1 1 0 1 1 0 0 1 0 1 0 0 1 1 1 1 1]"
13,0.848210986050191,"[1 1 1 1 1 0 1 1 1 1 0 1 0 0 0 1 1 1 1 1 0 0 0 0 1 0 1 0 0 1 1 0 1 0 1 1 0 1 1 1]"
14,0.9947255975225083,"[1 1 1 1 1 1 1 1 1 1 0 1 1 1 0 1 0 1 0 1 1 0 0 1 1 1 1 1 0 0 1 0 1 0 0 1 1 1 0 1]"
14,0.94553275116835,"[1 1 1 1 1 1 1 0 1 0 0 1 0 0 0 1 1 1 1 1 1 0 1 0 1 1 1 0 0 1 1 0 1 0 1 1 0 1 1 1]"
14,0.9917681841327065,"[1 1 1 1 1 1 1 1 1 1 0 0 1 0 0 1 1 1 0 1 1 0 0 1 1 1 1 0 0 0 0 0 1 0 0 0 1 1 1 1]"
14,0.9945173565322553,"[1 1 1 1 1 1 1 1 1 1 0 1 1 0 1 1 1 1 1 1 1 0 1 0 1 1 1 0 0 0 0 0 1 0 0 1 1 1 1 1]"
14,0.43995487984828974,"[1 1 1 0 1 0 1 1 1 1 0 1 0 0 0 1 1 1 1 1 0 0 0 0 1 0 1 0 0 1 1 0 1 0 1 1 0 1 1 1]"
14,0.9966349866749543,"[1 1 1 1 1 1 1 1 1 1 1 0 1 0 0 1 1 1 1 0 1 0 0 1 1 1 1 0 0 0 0 0 1 0 0 1 1 0 1 1]"
14,0.8481987794587343,"[1 1 1 1 1 0 1 1 1 1 0 1 0 0 0 1 1 1 0 1 1 0 0 0 1 1 1 0 0 1 1 0 1 0 1 1 0 1 1 1]"
14,0.8463379053900492,"[1 1 1 1 1 0 1 1 1 1 0 0 0 0 1 1 1 0 1 1 0 0 0 0 1 0 1 0 0 1 1 0 1 0 1 1 0 1 1 1]"
14,0.9945173565322553,"[1 1 1 1 1 1 1 1 1 1 0 1 1 0 1 1 1 1 1 1 1 0 1 0 1 1 1 0 0 0 0 0 1 0 0 1 1 1 1 1]"
14,0.7254476099480535,"[1 1 1 1 0 1 1 1 1 1 1 0 1 0 0 1 1 1 1 0 1 0 0 1 1 1 1 0 0 0 0 0 1 0 0 1 1 1 1 1]"
14,0.0009626051364550341,"[0 1 1 1 1 1 1 1 1 1 0 1 0 0 0 0 1 1 0 1 1 1 0 0 1 1 1 0 0 1 1 0 1 0 1 0 0 1 1 1]"
14,0.9945173565322553,"[1 1 1 1 1 1 1 1 1 1 0 1 1 0 1 1 1 1 1 1 1 0 1 0 1 1 1 0 0 0 0 0 1 0 0 1 1 1 1 1]"
14,0.9917681101700896,"[1 1 1 1 1 1 1 1 1 1 0 0 1 0 0 1 1 1 0 1 1 0 0 1 1 1 0 0 0 0 0 0 1 0 0 0 1 1 1 0]"
14,0.991768184123679,"[1 1 1 1 1 1 1 1 1 1 0 0 1 0 0 1 1 1 0 1 1 0 0 1 1 1 1 0 0 0 0 0 1 0 0 0 1 1 1 0]"
14,0.9944983958847798,"[1 1 1 1 1 1 1 1 1 1 0 1 1 0 1 1 1 1 0 1 1 0 1 0 1 1 1 0 1 0 0 0 1 0 0 1 1 1 1 1]"
14,0.9920705478902608,"[1 1 1 1 1 1 1 1 1 1 0 0 1 0 1 1 1 1 0 1 1 0 0 0 1 1 1 0 0 0 0 0 1 0 0 0 1 1 1 1]"
14,0.7237994643248898,"[1 1 1 1 0 1 1 1 1 1 0 1 1 0 1 1 0 1 1 1 1 0 1 0 1 1 1 0 0 0 0 0 1 0 0 1 1 1 1 0]"
14,0.9934348181359067,"[1 1 1 1 1 1 1 1 1 1 0 1 0 1 0 0 1 1 0 1 1 0 0 0 1 1 0 0 0 1 1 0 1 0 1 0 0 1 1 1]"
14,0.8471473132747633,"[1 1 1 1 1 0 1 1 1 1 0 0 1 0 0 1 1 1 0 1 1 0 0 1 1 1 1 1 0 0 0 0 1 0 0 0 0 1 0 1]"
14,0.991768184123679,"[1 1 1 1 1 1 1 1 1 1 0 0 1 0 0 1 1 1 0 1 1 0 0 1 1 1 1 0 0 0 0 0 1 0 0 0 1 1 1 0]"
14,0.9948015318340931,"[1 1 1 1 1 1 1 1 1 1 0 1 1 1 0 1 1 1 0 1 1 0 0 1 1 1 1 1 0 0 1 0 1 0 0 1 1 1 1 1]"
14,0.810885474636652,"[1 1 1 1 1 0 1 0 1 0 1 1 0 0 0 0 0 1 1 1 1 0 1 0 0 1 1 1 1 1 1 0 1 0 1 1 0 0 1 1]"
14,0.991768184123679,"[1 1 1 1 1 1 1 1 1 1 0 0 1 0 0 1 1 1 0 1 1 0 0 1 1 1 1 0 0 0 0 0 1 0 0 0 1 1 1 0]"
14,0.991768184123679,"[1 1 1 1 1 1 1 1 1 1 0 0 1 0 0 1 1 1 0 1 1 0 0 1 1 1 1 0 0 0 0 0 1 0 0 0 1 1 1 0]"
14,0.8190106597928781,"[1 1 1 1 1 0 1 0 1 1 1 1 0 0 0 0 0 1 1 1 1 1 1 0 1 1 1 1 1 1 1 1 1 0 0 1 0 1 1 1]"
15,0.9944793984948845,"[1 1 1 1 1 1 1 1 1 1 0 1 1 0 1 1 1 0 1 1 1 0 1 0 1 1 1 0 0 0 0 0 1 0 0 1 1 1 1 1]"
15,0.9917681846292211,"[1 1 1 1 1 1 1 1 1 1 0 0 1 0 0 1 1 1 0 1 1 0 0 1 1 1 1 0 0 0 0 0 1 1 0 0 0 1 1 0]"
15,0.9923741785172052,"[1 1 1 1 1 1 1 1 1 1 0 0 1 1 0 1 1 1 0 1 1 0 0 1 1 1 1 0 0 0 0 0 1 0 0 0 1 1 1 1]"
15,0.9917587181045835,"[1 1 1 1 1 1 1 1 1 1 0 0 1 0 0 1 1 1 0 0 1 0 0 1 1 1 1 0 0 0 0 0 1 0 0 0 1 1 1 0]"
15,0.9945173565322553,"[1 1 1 1 1 1 1 1 1 1 0 1 1 0 1 1 1 1 1 1 1 0 1 0 1 1 1 0 0 0 0 0 1 0 0 1 1 1 1 1]"
15,0.8472787490021785,"[1 1 1 1 1 0 1 1 1 1 0 0 1 0 1 0 1 1 0 1 1 0 0 1 1 1 1 1 0 0 0 0 1 0 0 0 0 1 0 1]"
15,0.05590076990805675,"[1 0 1 1 1 1 1 1 1 1 0 1 1 0 1 1 1 1 0 1 1 0 1 0 1 1 1 0 1 0 0 0 1 0 0 1 1 1 1 1]"
15,0.9944983958847798,"[1 1 1 1 1 1 1 1 1 1 0 1 1 0 1 1 1 1 0 1 1 0 1 0 1 1 1 0 1 0 0 0 1 0 0 1 1 1 1 1]"
15,0.9947255975406119,"[1 1 1 1 1 1 1 1 1 1 0 1 1 1 0 1 0 1 0 1 1 0 0 1 1 1 1 1 0 0 1 0 1 0 0 1 1 1 1 1]"
15,0.9945161703238504,"[1 1 1 1 1 1 1 1 1 1 0 1 1 0 1 1 1 1 1 1 1 0 0 0 1 1 1 0 0 0 0 0 1 0 0 1 1 1 1 1]"
15,0.9944983958847798,"[1 1 1 1 1 1 1 1 1 1 0 1 1 0 1 1 1 1 0 1 1 0 1 0 1 1 1 0 1 0 0 0 1 0 0 1 1 1 1 1]"
15,0.9966254787417386,"[1 1 1 1 1 1 1 1 1 1 1 0 1 0 0 1 1 1 0 1 1 0 0 1 1 1 1 0 0 0 0 0 1 0 0 0 1 1 1 0]"
15,0.9944983958847798,"[1 1 1 1 1 1 1 1 1 1 0 1 1 0 1 1 1 1 0 1 1 0 1 0 1 1 1 0 1 0 0 0 1 0 0 1 1 1 1 1]"
15,0.9947158094608552,"[1 1 1 1 1 1 1 1 1 1 0 1 1 1 0 1 0 1 0 0 1 0 0 1 0 1 1 1 0 0 1 0 1 0 0 1 1 0 0 1]"
15,0.9951248624910425,"[1 1 1 1 1 1 1 1 1 1 0 1 1 1 1 1 1 1 1 1 1 0 1 0 1 1 1 0 0 0 0 0 1 0 0 1 1 1 1 1]"
15,0.9945173750667716,"[1 1 1 1 1 1 1 1 1 1 0 1 1 0 1 1 1 1 1 1 1 0 1 0 1 1 1 0 1 0 0 0 1 0 0 1 1 1 1 1]"
15,0.9934348169786343,"[1 1 1 1 1 1 1 1 1 1 0 1 0 1 0 0 1 1 0 1 1 0 0 0 1 1 0 0 0 1 1 0 0 0 1 0 0 1 1 1]"
15,0.991768184123679,"[1 1 1 1 1 1 1 1 1 1 0 0 1 0 0 1 1 1 0 1 1 0 0 1 1 1 1 0 0 0 0 0 1 0 0 0 1 1 1 0]"
15,0.9945007705814817,"[1 1 1 1 1 1 1 1 1 1 0 1 1 0 1 1 1 1 0 1 1 1 1 0 1 1 1 0 1 0 0 1 1 0 0 1 1 1 1 1]"
15,0.9996721916789114,"[1 1 1 1 1 1 1 1 1 1 1 1 1 1 0 1 1 1 0 1 1 0 0 1 1 1 1 1 0 0 1 0 1 0 0 1 1 1 1 1]"
15,0.721791023780943,"[1 1 1 1 0 1 1 1 1 1 0 0 1 0 0 1 1 1 0 1 1 0 0 1 1 1 1 0 0 0 0 0 1 0 0 0 1 1 1 0]"
15,0.9941941616881776,"[1 1 1 1 1 1 1 1 1 1 0 1 1 0 0 1 1 1 0 1 1 0 0 1 1 1 1 0 0 0 0 0 1 0 0 0 1 1 1 0]"
15,0.9934348181359067,"[1 1 1 1 1 1 1 1 1 1 0 1 0 1 0 0 1 1 0 1 1 0 0 0 1 1 0 0 0 1 1 0 1 0 1 0 0 1 1 1]"
15,0.9920705478902608,"[1 1 1 1 1 1 1 1 1 1 0 0 1 0 1 1 1 1 0 1 1 0 0 0 1 1 1 0 0 0 0 0 1 0 0 0 1 1 1 1]"
15,0.721791023780943,"[1 1 1 1 0 1 1 1 1 1 0 0 1 0 0 1 1 1 0 1 1 0 0 1 1 1 1 0 0 0 0 0 1 0 0 0 1 1 1 0]"
16,0.9990645281946796,"[1 1 1 1 1 1 1 1 1 1 1 1 1 0 0 1 1 1 0 1 1 1 0 1 1 1 1 0 0 0 0 0 1 0 1 0 1 1 1 0]"
16,0.9945170785145461,"[1 1 1 1 1 1 1 1 1 1 0 1 1 0 1 1 1 1 1 1 1 0 1 0 0 1 1 0 1 0 0 0 1 0 0 1 1 1 1 1]"
16,0.9944782129064099,"[1 1 1 1 1 1 1 1 1 1 0 1 1 0 1 1 1 0 1 1 1 0 0 0 1 1 1 0 0 0 0 0 1 1 0 1 1 1 1 1]"
16,0.9934360031834446,"[1 1 1 1 1 1 1 1 1 1 0 1 0 1 0 0 1 1 0 1 1 0 1 0 1 1 0 0 0 1 1 0 1 0 1 0 0 1 1 1]"
16,0.9945161726406625,"[1 1 1 1 1 1 1 1 1 1 0 1 1 0 1 1 1 1 1 1 1 0 0 0 1 1 1 0 0 0 0 1 1 0 0 1 1 1 1 1]"
16,0.994715809497062,"[1 1 1 1 1 1 1 1 1 1 0 1 1 1 0 1 0 1 0 0 1 0 0 1 0 1 1 1 0 0 1 0 1 0 0 1 1 1 0 1]"
16,0.9945173750667716,"[1 1 1 1 1 1 1 1 1 1 0 1 1 0 1 1 1 1 1 1 1 0 1 0 1 1 1 0 1 0 0 0 1 0 0 1 1 1 1 1]"
16,0.9944793984948845,"[1 1 1 1 1 1 1 1 1 1 0 1 1 0 1 1 1 0 1 1 1 0 1 0 1 1 1 0 0 0 0 0 1 0 0 1 1 1 1 1]"
16,0.9945173565322553,"[1 1 1 1 1 1 1 1 1 1 0 1 1 0 1 1 1 1 1 1 1 0 1 0 1 1 1 0 0 0 0 0 1 0 0 1 1 1 1 1]"
16,0.0009637778559964277,"[0 1 1 1 1 1 1 1 1 1 0 1 0 1 0 0 1 1 0 1 1 0 0 0 1 1 0 1 0 1 1 0 0 0 1 0 0 1 1 1]"
16,0.9966254790318928,"[1 1 1 1 1 1 1 1 1 1 1 0 1 0 0 1 1 1 0 1 1 0 0 1 1 1 1 0 0 0 0 0 1 0 1 0 1 1 1 0]"
16,0.9923741785172052,"[1 1 1 1 1 1 1 1 1 1 0 0 1 1 0 1 1 1 0 1 1 0 0 1 1 1 1 0 0 0 0 0 1 0 0 0 1 1 1 1]"
16,0.991768193367878,"[1 1 1 1 1 1 1 1 1 1 0 0 1 0 0 1 1 1 0 1 1 0 0 1 1 1 1 0 0 1 0 0 1 0 0 0 1 1 1 0]"
16,0.9542575495401872,"[1 1 1 1 1 1 1 0 1 1 0 0 1 1 0 1 1 1 0 1 1 1 0 1 1 1 1 0 0 0 0 0 1 0 0 0 1 1 1 1]"
16,0.9943655507378932,"[1 1 1 1 1 1 1 1 1 1 0 1 1 0 1 0 1 1 1 1 1 0 1 0 1 1 1 0 1 0 0 0 1 0 0 1 1 1 1 1]"
16,0.9951245657757914,"[1 1 1 1 1 1 1 1 1 1 0 1 1 1 1 1 1 1 1 1 1 0 1 0 0 1 1 0 0 0 0 0 1 0 0 1 1 1 1 1]"
16,0.9951248624910425,"[1 1 1 1 1 1 1 1 1 1 0 1 1 1 1 1 1 1 1 1 1 0 1 0 1 1 1 0 0 0 0 0 1 0 0 1 1 1 1 1]"
16,0.98693220462585,"[1 1 1 1 1 1 1 1 1 0 1 0 1 0 0 1 1 1 0 1 1 0 0 1 1 1 1 0 0 0 0 0 0 0 0 0 1 1 1 0]"
16,0.9966254903479087,"[1 1 1 1 1 1 1 1 1 1 1 0 1 0 0 1 1 1 0 1 1 0 0 1 1 1 1 0 0 1 0 1 1 0 0 0 1 1 1 0]"
16,0.9944792502238576,"[1 1 1 1 1 1 1 1 1 1 0 1 1 0 1 1 1 0 1 1 1 0 1 0 1 0 1 0 0 0 0 0 1 0 0 1 1 1 1 1]"
16,0.9917398049426938,"[1 1 1 1 1 1 1 1 1 1 0 0 1 0 0 1 1 0 1 0 1 0 0 1 1 1 1 0 1 0 0 0 1 0 0 1 1 1 1 0]"
16,0.9945639578681109,"[1 1 1 1 1 1 1 1 1 1 0 1 1 1 0 0 0 1 0 0 1 0 0 1 0 1 1 1 0 0 1 0 1 0 0 1 1 0 0 1]"
16,0.9944983958847798,"[1 1 1 1 1 1 1 1 1 1 0 1 1 0 1 1 1 1 0 1 1 0 1 0 1 1 1 0 1 0 0 0 1 0 0 1 1 1 1 1]"
16,0.9944794031193047,"[1 1 1 1 1 1 1 1 1 1 0 1 1 0 1 1 1 0 1 1 1 0 1 0 1 1 1 0 0 0 1 0 1 0 0 1 1 1 1 0]"
16,0.9996721916789114,"[1 1 1 1 1 1 1 1 1 1 1 1 1 1 0 1 1 1 0 1 1 0 0 1 1 1 1 1 0 0 1 0 1 0 0 1 1 1 1 1]"
17,0.999996951377942,"[1 1 1 1 1 1 1 1 1 1 1 1 1 1 1 1 1 1 1 1 1 0 1 0 1 1 1 0 0 0 1 0 1 0 0 1 1 1 1 1]"
17,0.9945173750667716,"[1 1 1 1 1 1 1 1 1 1 0 1 1 0 1 1 1 1 1 1 1 0 1 0 1 1 1 0 1 0 0 0 1 0 0 1 1 1 1 1]"
17,0.9854069576277197,"[1 1 1 1 1 1 1 1 1 0 0 1 1 1 1 1 1 0 1 1 1 0 1 0 1 0 1 0 1 0 0 0 1 0 0 1 1 1 1 1]"
17,0.994346574163572,"[1 1 1 1 1 1 1 1 1 1 0 1 1 0 1 0 1 1 0 1 1 0 1 0 1 1 1 0 1 0 0 0 1 0 0 1 1 1 1 1]"
17,0.5213512454347184,"[1 1 1 0 1 1 1 1 1 1 0 1 1 0 1 1 0 1 1 1 1 0 1 0 0 1 1 0 1 0 0 0 1 0 0 1 1 1 1 1]"
17,0.9944794031193047,"[1 1 1 1 1 1 1 1 1 1 0 1 1 0 1 1 1 0 1 1 1 0 1 0 1 1 1 0 0 0 1 0 1 0 0 1 1 1 1 0]"
17,0.9951233789155838,"[1 1 1 1 1 1 1 1 1 1 0 1 1 1 1 1 1 1 1 1 1 0 0 0 0 1 1 0 0 0 0 0 1 0 0 1 1 1 1 1]"
17,0.9944793984948845,"[1 1 1 1 1 1 1 1 1 1 0 1 1 0 1 1 1 0 1 1 1 0 1 0 1 1 1 0 0 0 0 0 1 0 0 1 1 1 1 1]"
17,0.05606022433619942,"[1 0 1 1 1 1 1 1 1 1 1 0 1 0 0 1 1 1 0 1 1 0 0 0 1 1 1 0 0 1 0 0 1 0 0 0 1 1 1 0]"
17,0.9951245657757914,"[1 1 1 1 1 1 1 1 1 1 0 1 1 1 1 1 1 1 1 1 1 0 1 0 0 1 1 0 0 0 0 0 1 0 0 1 1 1 1 1]"
17,0.9996721919698638,"[1 1 1 1 1 1 1 1 1 1 1 1 1 1 0 1 1 1 0 1 1 0 0 1 1 1 1 1 0 0 1 0 1 0 1 1 1 1 1 1]"
17,0.9945170785145461,"[1 1 1 1 1 1 1 1 1 1 0 1 1 0 1 1 1 1 1 1 1 0 1 0 0 1 1 0 1 0 0 0 1 0 0 1 1 1 1 1]"
17,0.9996721916789114,"[1 1 1 1 1 1 1 1 1 1 1 1 1 1 0 1 1 1 0 1 1 0 0 1 1 1 1 1 0 0 1 0 1 0 0 1 1 1 1 1]"
17,0.05589934759470958,"[1 0 1 1 1 1 1 1 1 1 0 1 1 0 1 1 1 0 1 1 1 0 1 0 1 1 1 0 1 0 1 0 1 0 0 1 1 1 1 0]"
17,0.6151422880077146,"[1 1 1 1 0 0 1 1 1 1 0 1 1 0 1 1 1 0 1 1 1 0 0 0 1 1 1 0 0 0 0 0 1 1 0 1 1 1 1 1]"
17,0.9542484063429894,"[1 1 1 1 1 1 1 0 1 1 0 0 1 1 0 1 1 1 0 0 1 1 0 1 1 1 1 0 0 0 0 0 1 0 0 0 1 1 0 1]"
17,0.9945077186258243,"[1 1 1 1 1 1 1 1 1 1 0 1 1 0 1 1 1 1 1 0 1 0 1 0 1 0 1 0 0 0 0 0 1 0 0 1 1 1 1 1]"
17,0.9950865961530685,"[1 1 1 1 1 1 1 1 1 1 0 1 1 1 1 1 1 0 1 1 1 0 1 0 0 1 1 0 0 1 0 0 1 0 0 1 1 1 1 1]"
17,0.8513623487893589,"[1 1 1 1 1 0 1 1 1 1 1 0 1 0 0 1 1 1 0 1 1 0 0 1 1 1 1 0 0 1 0 1 1 0 0 0 1 1 1 0]"
17,0.9989120792466794,"[1 1 1 1 1 1 1 1 1 1 1 1 1 0 0 0 1 1 0 1 1 1 0 1 1 1 1 0 0 0 0 0 1 0 1 0 1 1 1 0]"
17,0.9996674247243822,"[1 1 1 1 1 1 1 1 1 1 1 1 1 1 0 1 1 1 0 1 0 0 0 1 1 1 1 1 0 0 1 0 1 0 0 1 1 1 1 1]"
17,0.9945639578681109,"[1 1 1 1 1 1 1 1 1 1 0 1 1 1 0 0 0 1 0 0 1 0 0 1 0 1 1 1 0 0 1 0 1 0 0 1 1 0 0 1]"
17,0.9966207736103875,"[1 1 1 1 1 1 1 1 1 1 1 0 1 0 0 1 1 1 0 1 0 0 0 1 1 1 1 1 0 1 0 1 1 0 0 0 1 1 1 0]"
17,0.9996721916789114,"[1 1 1 1 1 1 1 1 1 1 1 1 1 1 0 1 1 1 0 1 1 0 0 1 1 1 1 1 0 0 1 0 1 0 0 1 1 1 1 1]"
17,0.9945170785145461,"[1 1 1 1 1 1 1 1 1 1 0 1 1 0 1 1 1 1 1 1 1 0 1 0 0 1 1 0 1 0 0 0 1 0 0 1 1 1 1 1]"
18,0.7254369304293662,"[1 1 1 1 0 1 1 1 1 1 1 0 1 0 0 1 1 1 0 1 0 0 0 1 1 1 1 1 0 1 0 1 1 0 0 0 1 1 1 0]"
18,0.9902546966668504,"[1 1 1 1 1 1 1 1 1 0 1 1 1 1 1 1 1 1 0 1 1 0 0 1 1 1 1 1 0 0 1 0 1 0 0 1 1 1 1 1]"
18,0.9983763340856798,"[1 1 1 1 1 1 1 1 1 1 1 1 0 1 0 1 0 1 0 1 1 0 0 1 1 1 1 1 0 0 1 0 1 0 1 1 1 1 1 1]"
18,0.9945170785145461,"[1 1 1 1 1 1 1 1 1 1 0 1 1 0 1 1 1 1 1 1 1 0 1 0 0 1 1 0 1 0 0 0 1 0 0 1 1 1 1 1]"
18,0.686624842784774,"[1 1 1 1 0 1 1 0 1 0 0 0 1 1 0 1 1 1 0 0 1 1 0 1 1 1 1 0 0 0 0 0 1 0 0 0 1 1 0 1]"
18,0.9212744640645446,"[1 1 1 1 1 1 0 1 1 1 1 0 1 0 0 0 1 1 0 1 0 0 0 1 1 1 0 1 1 1 0 1 1 0 0 0 1 1 1 0]"
18,0.994517083148174,"[1 1 1 1 1 1 1 1 1 1 0 1 1 0 1 1 1 1 1 1 1 0 1 0 0 1 1 0 1 0 1 0 1 0 0 1 1 1 1 1]"
18,0.9950865961530685,"[1 1 1 1 1 1 1 1 1 1 0 1 1 1 1 1 1 0 1 1 1 0 1 0 0 1 1 0 0 1 0 0 1 0 0 1 1 1 1 1]"
18,0.9945170785145461,"[1 1 1 1 1 1 1 1 1 1 0 1 1 0 1 1 1 1 1 1 1 0 1 0 0 1 1 0 1 0 0 0 1 0 0 1 1 1 1 1]"
18,0.9848425663067164,"[1 1 1 1 1 1 1 1 1 0 0 1 1 0 1 1 1 1 1 1 1 0 1 0 1 1 1 0 1 0 0 0 1 0 0 1 1 1 1 1]"
18,0.9945639578681109,"[1 1 1 1 1 1 1 1 1 1 0 1 1 1 0 0 0 1 0 0 1 0 0 1 0 1 1 1 0 0 1 0 1 0 0 1 1 0 0 1]"
18,0.9996745751638478,"[1 1 1 1 1 1 1 1 1 1 1 1 1 1 0 1 1 1 0 1 1 1 0 1 1 1 1 1 0 0 1 0 1 0 0 1 1 1 1 1]"
18,0.9996721916789114,"[1 1 1 1 1 1 1 1 1 1 1 1 1 1 0 1 1 1 0 1 1 0 0 1 1 1 1 1 0 0 1 0 1 0 0 1 1 1 1 1]"
18,7.374477869667026e-05,"[0 1 1 0 0 0 1 0 1 1 0 1 1 0 1 1 1 0 1 1 1 0 0 0 1 1 1 0 0 0 0 0 1 1 0 1 1 1 1 1]"
18,0.9926195709272662,"[1 1 1 1 1 1 1 1 1 1 0 0 1 1 1 1 0 1 1 1 1 0 0 0 0 1 1 0 0 0 0 0 1 0 0 1 1 1 1 1]"
18,0.9945173750667716,"[1 1 1 1 1 1 1 1 1 1 0 1 1 0 1 1 1 1 1 1 1 0 1 0 1 1 1 0 1 0 0 0 1 0 0 1 1 1 1 1]"
18,0.9947967857879153,"[1 1 1 1 1 1 1 1 1 1 0 1 1 1 0 1 1 1 0 1 0 0 0 1 1 1 1 1 0 0 1 0 1 0 0 1 1 1 1 1]"
18,0.9758491418008799,"[1 1 1 1 1 1 1 1 0 1 0 1 1 1 1 1 1 1 1 1 1 0 1 0 0 1 1 0 0 0 0 0 1 1 0 1 1 1 1 1]"
18,0.9996698081990896,"[1 1 1 1 1 1 1 1 1 1 1 1 1 1 0 1 1 1 0 1 0 1 0 1 1 1 1 1 0 0 1 0 1 0 0 1 1 1 1 1]"
18,0.9993510266181356,"[1 1 1 1 1 1 1 1 1 1 1 1 1 0 1 1 1 0 1 1 1 1 1 0 1 1 1 0 0 0 1 0 1 0 0 1 1 1 1 0]"
18,0.2629770201115883,"[1 1 0 1 1 1 1 1 1 1 1 1 1 1 0 1 1 1 0 1 1 0 0 1 1 1 1 1 0 0 1 0 1 0 0 1 1 1 1 1]"
18,0.9944794031193047,"[1 1 1 1 1 1 1 1 1 1 0 1 1 0 1 1 1 0 1 1 1 0 1 0 1 1 1 0 0 0 1 0 1 0 0 1 1 1 1 0]"
18,0.9995148929809456,"[1 1 1 1 1 1 1 1 1 1 1 1 1 1 0 0 1 1 0 1 0 0 0 1 1 1 1 1 0 0 1 0 1 0 0 1 1 1 1 1]"
18,0.9996721919698638,"[1 1 1 1 1 1 1 1 1 1 1 1 1 1 0 1 1 1 0 1 1 0 0 1 1 1 1 1 0 0 1 0 1 0 1 1 1 1 1 1]"
18,0.2614417598642268,"[1 1 0 1 1 1 1 1 1 1 0 1 1 1 0 0 0 1 0 0 1 0 0 1 0 1 1 1 0 0 1 0 1 0 0 1 1 0 0 1]"
19,0.9944980993376478,"[1 1 1 1 1 1 1 1 1 1 0 1 1 0 1 1 1 1 0 1 1 0 1 0 0 1 1 0 1 0 0 0 1 0 0 1 1 1 1 1]"
19,0.9945170785145461,"[1 1 1 1 1 1 1 1 1 1 0 1 1 0 1 1 1 1 1 1 1 0 1 0 0 1 1 0 1 0 0 0 1 0 0 1 1 1 1 1]"
19,0.992619422833547,"[1 1 1 1 1 1 1 1 1 1 0 0 1 1 1 1 0 1 1 1 1 0 0 0 0 0 1 0 0 0 0 0 1 0 0 1 0 1 1 1]"
19,0.9758514741039209,"[1 1 1 1 1 1 1 1 0 1 0 1 1 1 1 1 1 1 1 1 1 1 1 0 0 1 1 0 0 0 0 0 1 1 0 1 1 1 1 1]"
19,0.9996692123299332,"[1 1 1 1 1 1 1 1 1 1 1 1 1 1 0 1 1 1 0 1 0 1 0 0 1 1 1 1 0 0 1 0 1 0 0 1 1 1 1 1]"
19,0.9996745751547556,"[1 1 1 1 1 1 1 1 1 1 1 1 1 1 0 1 1 1 0 1 1 1 0 1 1 1 1 1 0 0 1 0 1 0 0 1 1 1 1 0]"
19,0.9996745751547556,"[1 1 1 1 1 1 1 1 1 1 1 1 1 1 0 1 1 1 0 1 1 1 0 1 1 1 1 1 0 0 1 0 1 0 0 1 1 1 1 0]"
19,0.1709877266733232,"[1 1 0 1 0 1 1 0 1 0 0 0 1 1 0 1 1 1 0 0 1 1 0 1 1 1 1 0 0 0 0 0 1 0 0 0 1 1 0 1]"
19,0.9563242684672835,"[1 1 1 1 1 1 1 0 1 1 0 1 1 0 1 1 1 1 1 1 1 0 1 0 1 1 1 1 1 0 0 0 1 1 0 1 1 1 1 1]"
19,0.9122436535556424,"[1 1 1 1 1 1 0 1 1 0 1 0 1 0 0 0 1 1 0 1 0 0 0 1 1 1 0 1 1 1 0 1 1 0 0 0 1 1 1 0]"
19,0.9945170837273775,"[1 1 1 1 1 1 1 1 1 1 0 1 1 0 1 1 1 1 1 1 1 0 1 0 0 1 1 0 1 0 1 0 1 1 0 1 1 1 1 1]"
19,0.9733895362420619,"[1 1 1 1 1 1 1 1 0 1 0 0 1 1 1 1 0 1 1 1 1 0 1 1 0 1 0 0 0 0 0 0 1 0 0 1 1 1 1 1]"
19,0.854004293147952,"[1 1 1 1 1 0 1 1 1 1 1 1 1 1 0 1 1 1 0 1 0 1 0 1 1 1 1 1 0 0 1 0 1 0 0 1 1 1 1 1]"
19,0.9945173565322553,"[1 1 1 1 1 1 1 1 1 1 0 1 1 0 1 1 1 1 1 1 1 0 1 0 1 1 1 0 0 0 0 0 1 0 0 1 1 1 1 1]"
19,0.9996698175095476,"[1 1 1 1 1 1 1 1 1 1 1 1 1 1 0 1 1 1 0 1 0 1 0 1 1 1 1 1 0 1 1 0 1 0 0 1 1 1 1 1]"
19,0.9990460709728808,"[1 1 1 1 1 1 1 1 1 1 1 1 1 0 0 1 1 0 1 1 1 1 1 0 1 1 1 0 0 0 1 0 1 0 0 1 1 1 1 0]"
19,0.9947967811531145,"[1 1 1 1 1 1 1 1 1 1 0 1 1 1 0 1 1 1 0 1 0 0 0 1 1 1 1 1 0 0 0 0 1 0 0 1 1 1 1 1]"
19,0.9758116884115923,"[1 1 1 1 1 1 1 1 0 1 0 1 1 1 1 1 1 0 1 1 1 0 1 0 0 0 1 0 0 1 0 0 1 0 0 1 1 1 1 1]"
19,0.9945173753563735,"[1 1 1 1 1 1 1 1 1 1 0 1 1 0 1 1 1 1 1 1 1 0 1 0 1 1 1 0 1 0 0 0 1 0 1 1 1 1 1 1]"
19,0.7256655699744093,"[1 1 1 1 0 1 1 1 1 1 1 0 1 0 1 1 1 1 0 1 0 0 0 1 1 1 1 1 0 1 0 1 1 0 0 0 1 1 1 0]"
19,0.9993486438274922,"[1 1 1 1 1 1 1 1 1 1 1 1 1 0 1 1 1 0 1 1 1 0 1 0 1 1 1 0 0 0 1 0 1 0 0 1 1 1 1 0]"
19,0.9996721916789114,"[1 1 1 1 1 1 1 1 1 1 1 1 1 1 0 1 1 1 0 1 1 0 0 1 1 1 1 1 0 0 1 0 1 0 0 1 1 1 1 1]"
19,0.9942039637678011,"[1 1 1 1 1 1 1 1 1 1 0 1 1 0 0 1 1 1 1 0 1 0 1 0 0 1 1 0 1 0 0 0 1 0 0 1 1 1 1 0]"
19,0.9996722105908201,"[1 1 1 1 1 1 1 1 1 1 1 1 1 1 0 1 1 1 0 1 1 0 0 1 1 1 1 1 1 0 1 0 1 0 1 1 1 1 1 1]"
19,0.9996698081990896,"[1 1 1 1 1 1 1 1 1 1 1 1 1 1 0 1 1 1 0 1 0 1 0 1 1 1 1 1 0 0 1 0 1 0 0 1 1 1 1 1]"
20,0.7277279832009352,"[1 1 1 1 0 1 1 1 1 1 1 1 1 1 0 1 1 1 0 1 0 1 0 1 1 1 0 1 0 1 1 0 1 0 0 1 1 1 1 1]"
20,0.9996692123299332,"[1 1 1 1 1 1 1 1 1 1 1 1 1 1 0 1 1 1 0 1 0 1 0 0 1 1 1 1 0 0 1 0 1 0 0 1 1 1 1 1]"
20,0.9926194234117557,"[1 1 1 1 1 1 1 1 1 1 0 0 1 1 1 1 0 1 1 1 1 0 0 0 0 0 1 0 0 0 0 0 1 1 0 1 0 1 1 1]"
20,0.912805736247834,"[1 1 1 1 1 1 0 1 1 0 1 0 1 1 0 0 1 1 0 1 0 0 0 1 1 1 0 1 1 1 0 1 1 0 0 0 1 1 1 0]"
20,0.9996692123299332,"[1 1 1 1 1 1 1 1 1 1 1 1 1 1 0 1 1 1 0 1 0 1 0 0 1 1 1 1 0 0 1 0 1 0 0 1 1 1 1 1]"
20,0.9945002863746181,"[1 1 1 1 1 1 1 1 1 1 0 1 1 0 1 1 1 1 0 1 1 1 1 0 0 0 0 1 1 0 0 0 1 0 0 1 1 1 1 1]"
20,0.8495162076739202,"[1 1 1 1 1 0 1 1 1 1 0 1 1 0 1 1 1 1 0 1 1 0 1 0 0 1 1 0 1 0 0 0 1 0 0 1 1 1 1 1]"
20,0.9996721916789114,"[1 1 1 1 1 1 1 1 1 1 1 1 1 1 0 1 1 1 0 1 1 0 0 1 1 1 1 1 0 0 1 0 1 0 0 1 1 1 1 1]"
20,0.9755459851202851,"[1 1 1 1 1 1 1 1 0 1 0 1 1 1 0 1 1 1 1 1 0 0 1 0 0 1 1 0 0 0 0 0 1 1 0 1 1 1 1 1]"
20,0.9996674235605775,"[1 1 1 1 1 1 1 1 1 1 1 1 1 1 0 1 1 1 0 1 0 0 0 1 1 1 1 1 0 0 1 0 0 0 0 1 1 1 1 1]"
20,0.9920903969089448,"[1 1 1 1 1 1 1 1 1 1 0 0 1 0 1 1 1 1 1 1 1 0 1 0 0 1 1 0 1 0 1 0 1 1 0 1 1 1 1 1]"
20,0.9996692126208849,"[1 1 1 1 1 1 1 1 1 1 1 1 1 1 0 1 1 1 0 1 0 1 0 0 1 1 1 1 0 0 1 0 1 0 1 1 1 1 1 1]"
20,0.999672210554451,"[1 1 1 1 1 1 1 1 1 1 1 1 1 1 0 1 1 1 0 1 1 0 0 1 1 1 1 1 1 0 1 0 1 0 1 1 1 0 1 1]"
20,0.9990460709728808,"[1 1 1 1 1 1 1 1 1 1 1 1 1 0 0 1 1 0 1 1 1 1 1 0 1 1 1 0 0 0 1 0 1 0 0 1 1 1 1 0]"
20,0.9996745937030135,"[1 1 1 1 1 1 1 1 1 1 1 1 1 1 0 1 1 1 0 1 1 1 0 1 1 1 1 1 1 0 1 0 1 0 0 1 0 1 1 0]"
20,0.9996698174368097,"[1 1 1 1 1 1 1 1 1 1 1 1 1 1 0 1 1 1 0 1 0 1 0 1 1 1 1 1 0 1 1 0 1 0 0 1 0 1 1 1]"
20,0.9996936432183723,"[1 1 1 1 1 1 1 1 1 1 1 1 1 1 0 1 1 1 1 1 1 1 0 1 1 1 1 1 0 0 1 0 1 0 0 1 1 1 1 0]"
20,0.9926194228245124,"[1 1 1 1 1 1 1 1 1 1 0 0 1 1 1 1 0 1 1 1 1 0 0 0 0 0 1 0 0 0 0 0 1 0 0 1 0 1 1 0]"
20,0.9945173753563735,"[1 1 1 1 1 1 1 1 1 1 0 1 1 0 1 1 1 1 1 1 1 0 1 0 1 1 1 0 1 0 0 0 1 0 1 1 1 1 1 1]"
20,0.9996745751547556,"[1 1 1 1 1 1 1 1 1 1 1 1 1 1 0 1 1 1 0 1 1 1 0 1 1 1 1 1 0 0 1 0 1 0 0 1 1 1 1 0]"
20,0.999579798328639,"[1 1 1 1 1 1 1 1 1 1 1 1 1 1 0 1 0 0 1 1 1 1 1 0 1 1 1 0 0 0 1 0 1 0 0 1 1 1 1 0]"
20,0.9945173565051051,"[1 1 1 1 1 1 1 1 1 1 0 1 1 0 1 1 1 1 1 1 1 0 1 0 1 1 1 0 0 0 0 0 1 0 0 1 1 1 0 0]"
20,0.9996698081990896,"[1 1 1 1 1 1 1 1 1 1 1 1 1 1 0 1 1 1 0 1 0 1 0 1 1 1 1 1 0 0 1 0 1 0 0 1 1 1 1 1]"
20,0.9996698175095476,"[1 1 1 1 1 1 1 1 1 1 1 1 1 1 0 1 1 1 0 1 0 1 0 1 1 1 1 1 0 1 1 0 1 0 0 1 1 1 1 1]"
20,0.9893316108356506,"[1 1 1 1 1 1 1 1 1 0 1 1 1 0 0 1 1 0 1 1 1 1 1 0 1 1 1 0 0 1 1 0 1 0 0 1 1 1 1 0]"
21,0.9996698084900414,"[1 1 1 1 1 1 1 1 1 1 1 1 1 1 0 1 1 1 0 1 0 1 0 1 1 1 1 1 0 0 1 0 1 0 1 1 1 1 1 1]"
21,0.9996698175095476,"[1 1 1 1 1 1 1 1 1 1 1 1 1 1 0 1 1 1 0 1 0 1 0 1 1 1 1 1 0 1 1 0 1 0 0 1 1 1 1 1]"
21,5.494560482655434e-05,"[0 1 0 1 1 1 1 1 1 1 1 1 1 1 0 1 1 1 0 1 1 0 0 1 1 1 1 1 0 0 0 0 1 0 0 1 1 1 1 1]"
21,0.911699433558008,"[1 1 1 1 1 1 0 1 1 0 1 0 0 1 0 0 1 1 1 1 0 0 0 1 1 1 0 1 1 1 0 1 1 1 0 0 1 1 1 0]"
21,0.9996936617669486,"[1 1 1 1 1 1 1 1 1 1 1 1 1 1 0 1 1 1 1 1 1 1 0 1 1 1 1 1 1 0 1 0 1 0 0 1 0 1 1 0]"
21,0.999579798328639,"[1 1 1 1 1 1 1 1 1 1 1 1 1 1 0 1 0 0 1 1 1 1 1 0 1 1 1 0 0 0 1 0 1 0 0 1 1 1 1 0]"
21,0.9996936432001874,"[1 1 1 1 1 1 1 1 1 1 1 1 1 1 0 1 1 1 1 1 1 1 0 1 1 1 1 1 0 0 1 0 1 0 0 1 1 1 0 0]"
21,0.8540037759616123,"[1 1 1 1 1 0 1 1 1 1 1 1 1 1 0 1 1 1 0 1 0 1 0 0 1 1 1 1 0 0 1 0 1 0 0 1 0 1 1 1]"
21,0.9926194237008601,"[1 1 1 1 1 1 1 1 1 1 0 0 1 1 1 1 0 1 1 1 1 0 0 0 0 0 1 0 0 0 0 0 1 1 1 1 0 1 1 1]"
21,0.9945002866642153,"[1 1 1 1 1 1 1 1 1 1 0 1 1 0 1 1 1 1 0 1 1 1 1 0 0 0 0 1 1 0 0 0 1 0 1 1 1 1 1 1]"
21,0.9996936432183723,"[1 1 1 1 1 1 1 1 1 1 1 1 1 1 0 1 1 1 1 1 1 1 0 1 1 1 1 1 0 0 1 0 1 0 0 1 1 1 1 0]"
21,0.9541994194286835,"[1 1 1 1 1 1 1 0 1 1 0 0 1 1 0 1 0 1 1 1 1 0 0 0 0 0 1 0 0 1 1 0 1 0 0 1 0 1 1 0]"
21,0.9998837109537602,"[1 1 1 1 1 1 1 1 1 1 1 1 1 1 1 1 0 0 1 1 1 1 0 0 1 1 1 0 0 0 1 1 1 0 0 1 1 1 1 0]"
21,0.9945173564327046,"[1 1 1 1 1 1 1 1 1 1 0 1 1 0 1 1 1 1 1 1 1 0 1 0 1 1 1 0 0 0 0 0 1 0 0 1 0 1 0 0]"
21,0.9996698175095476,"[1 1 1 1 1 1 1 1 1 1 1 1 1 1 0 1 1 1 0 1 0 1 0 1 1 1 1 1 0 1 1 0 1 0 0 1 1 1 1 1]"
21,0.6711230628425746,"[1 1 1 1 0 1 0 1 1 1 1 1 1 1 0 1 1 1 0 1 0 1 0 1 1 1 1 1 0 0 1 0 1 0 0 1 1 1 1 1]"
21,0.9996698174368097,"[1 1 1 1 1 1 1 1 1 1 1 1 1 1 0 1 1 1 0 1 0 1 0 1 1 1 1 1 0 1 1 0 1 0 0 1 0 1 1 1]"
21,0.9926217934647564,"[1 1 1 1 1 1 1 1 1 1 0 0 1 1 1 1 0 1 1 1 1 1 0 0 0 0 1 0 0 0 0 1 1 0 0 1 0 1 0 0]"
21,0.9996698174368097,"[1 1 1 1 1 1 1 1 1 1 1 1 1 1 0 1 1 1 0 1 0 1 0 1 1 1 1 1 0 1 1 0 1 0 0 1 0 1 1 1]"
21,0.9996674328710156,"[1 1 1 1 1 1 1 1 1 1 1 1 1 1 0 1 1 1 0 1 0 0 0 1 1 1 1 1 0 1 1 0 0 0 0 1 1 1 1 1]"
21,0.999672210554451,"[1 1 1 1 1 1 1 1 1 1 1 1 1 1 0 1 1 1 0 1 1 0 0 1 1 1 1 1 1 0 1 0 1 0 1 1 1 0 1 1]"
21,0.9996716135201968,"[1 1 1 1 1 1 1 1 1 1 1 1 1 1 0 1 1 1 0 1 1 0 0 0 1 1 1 1 1 0 1 0 0 0 1 1 1 0 1 1]"
21,0.9996698173640718,"[1 1 1 1 1 1 1 1 1 1 1 1 1 1 0 1 1 1 0 1 0 1 0 1 1 1 1 1 0 1 1 0 1 0 0 0 1 1 1 1]"
21,0.9996742957671118,"[1 1 1 1 1 1 1 1 1 1 1 1 1 1 0 1 1 1 0 1 1 1 0 1 0 1 1 1 1 0 1 0 1 0 0 1 0 1 1 0]"
21,0.9996692123299332,"[1 1 1 1 1 1 1 1 1 1 1 1 1 1 0 1 1 1 0 1 0 1 0 0 1 1 1 1 0 0 1 0 1 0 0 1 1 1 1 1]"
22,0.9996936629307809,"[1 1 1 1 1 1 1 1 1 1 1 1 1 1 0 1 1 1 1 1 1 1 0 1 1 1 1 1 1 0 1 1 0 0 0 1 0 1 1 0]"
22,0.9996716132292445,"[1 1 1 1 1 1 1 1 1 1 1 1 1 1 0 1 1 1 0 1 1 0 0 0 1 1 1 1 1 0 1 0 0 0 0 1 1 0 1 1]"
22,0.9995196781537992,"[1 1 1 1 1 1 1 1 1 1 1 1 1 1 0 0 1 1 0 1 1 0 0 1 1 1 1 1 1 0 1 0 1 0 1 1 1 0 1 1]"
22,0.9803150967399025,"[1 1 1 1 1 1 1 1 0 1 1 1 1 1 0 1 1 1 0 1 0 1 0 1 1 1 1 1 0 1 1 0 1 0 0 1 0 1 1 1]"
22,0.9996692123299332,"[1 1 1 1 1 1 1 1 1 1 1 1 1 1 0 1 1 1 0 1 0 1 0 0 1 1 1 1 0 0 1 0 1 0 0 1 1 1 1 1]"
22,0.7277314043678992,"[1 1 1 1 0 1 1 1 1 1 1 1 1 1 0 1 1 1 0 1 1 1 0 1 0 1 1 1 1 0 1 0 1 0 0 1 0 1 1 0]"
22,0.5242890905280131,"[1 1 1 0 1 1 1 1 1 1 1 1 1 1 0 1 1 1 1 1 1 1 0 1 1 1 1 1 0 0 0 0 1 0 0 1 1 1 1 0]"
22,0.9926194235563078,"[1 1 1 1 1 1 1 1 1 1 0 0 1 1 1 1 0 1 1 1 1 0 0 0 0 0 1 0 0 0 0 0 1 1 1 0 0 1 1 1]"
22,0.9996698175095476,"[1 1 1 1 1 1 1 1 1 1 1 1 1 1 0 1 1 1 0 1 0 1 0 1 1 1 1 1 0 1 1 0 1 0 0 1 1 1 1 1]"
22,0.8541899282801004,"[1 1 1 1 1 0 1 1 1 1 1 1 1 1 1 1 0 0 1 1 1 1 0 0 1 1 1 0 0 0 1 1 1 0 0 1 1 1 1 0]"
22,0.9996936617669486,"[1 1 1 1 1 1 1 1 1 1 1 1 1 1 0 1 1 1 1 1 1 1 0 1 1 1 1 1 1 0 1 0 1 0 0 1 0 1 1 0]"
22,0.0009658806456512537,"[0 1 1 1 1 1 1 1 1 1 0 1 1 0 1 1 1 1 1 1 1 0 1 0 1 1 1 0 0 0 0 0 1 0 0 1 0 1 0 0]"
22,0.05342464152010306,"[1 0 1 1 1 1 1 0 1 1 1 1 1 1 0 1 1 1 0 1 0 1 0 1 0 1 1 1 0 1 1 0 1 0 0 1 0 0 1 1]"
22,0.9996698174368097,"[1 1 1 1 1 1 1 1 1 1 1 1 1 1 0 1 1 1 0 1 0 1 0 1 1 1 1 1 0 1 1 0 1 0 0 1 0 1 1 1]"
22,0.9926217934647564,"[1 1 1 1 1 1 1 1 1 1 0 0 1 1 1 1 0 1 1 1 1 1 0 0 0 0 1 0 0 0 0 1 1 0 0 1 0 1 0 0]"
22,0.999579798328639,"[1 1 1 1 1 1 1 1 1 1 1 1 1 1 0 1 0 0 1 1 1 1 1 0 1 1 1 0 0 0 1 0 1 0 0 1 1 1 1 0]"
22,0.5242890931322703,"[1 1 1 0 1 1 1 1 1 1 1 1 1 1 0 1 1 1 1 1 1 1 0 1 1 1 1 1 0 0 1 0 1 0 0 1 1 1 1 0]"
22,0.26297630593561666,"[1 1 0 1 1 1 1 1 1 1 1 1 1 1 0 1 1 1 0 1 0 1 0 1 1 1 1 1 0 1 1 0 0 0 0 0 1 1 1 1]"
22,0.9995217630801075,"[1 1 1 1 1 1 1 1 1 1 1 1 1 1 0 0 1 1 0 1 1 1 0 1 0 1 1 1 1 0 1 0 1 0 0 1 0 1 1 0]"
22,0.9996721919334948,"[1 1 1 1 1 1 1 1 1 1 1 1 1 1 0 1 1 1 0 1 1 0 0 1 1 1 1 1 0 0 1 0 1 0 1 1 1 0 1 1]"
22,0.9996698084900414,"[1 1 1 1 1 1 1 1 1 1 1 1 1 1 0 1 1 1 0 1 0 1 0 1 1 1 1 1 0 0 1 0 1 0 1 1 1 1 1 1]"
22,0.9996930473364295,"[1 1 1 1 1 1 1 1 1 1 1 1 1 1 0 1 1 1 1 1 1 1 0 0 1 1 1 1 0 0 1 0 1 0 0 1 1 1 1 0]"
22,0.056313422861179976,"[1 0 1 1 1 1 1 1 1 1 1 1 1 1 1 1 1 1 1 1 1 1 0 1 1 1 1 1 0 0 1 0 1 0 0 1 1 1 0 0]"
22,0.9998837108082562,"[1 1 1 1 1 1 1 1 1 1 1 1 1 1 1 1 0 0 1 1 1 1 0 0 1 1 1 0 0 0 1 1 1 0 0 0 1 1 1 0]"
22,0.994822891584376,"[1 1 1 1 1 1 1 1 1 1 0 1 1 1 0 1 1 1 1 1 1 1 0 1 1 1 1 1 0 0 1 1 1 0 0 1 1 1 0 0]"
23,0.8540059740212842,"[1 1 1 1 1 0 1 1 1 1 1 1 1 1 0 1 1 1 0 1 1 0 0 1 0 0 1 1 0 0 1 0 1 0 1 1 1 0 1 1]"
23,0.9996698174368097,"[1 1 1 1 1 1 1 1 1 1 1 1 1 1 0 1 1 1 0 1 0 1 0 1 1 1 1 1 0 1 1 0 1 0 0 1 0 1 1 1]"
23,0.9996716132292445,"[1 1 1 1 1 1 1 1 1 1 1 1 1 1 0 1 1 1 0 1 1 0 0 0 1 1 1 1 1 0 1 0 0 0 0 1 1 0 1 1]"
23,0.9996935884455193,"[1 1 1 1 1 1 1 1 1 1 1 1 1 1 0 1 1 1 1 1 1 1 0 1 1 1 0 1 1 0 1 1 0 0 0 1 0 1 1 0]"
23,0.055759961909042234,"[1 0 1 1 1 1 1 1 1 1 0 0 1 1 1 1 0 1 1 1 1 0 0 0 0 0 1 0 0 1 0 0 1 1 1 0 0 1 1 0]"
23,0.618650858160254,"[1 1 1 1 0 0 1 1 1 1 1 1 1 1 1 1 0 0 1 1 1 1 0 0 1 1 1 0 0 0 1 1 1 0 0 1 1 1 1 0]"
23,0.8540042934004536,"[1 1 1 1 1 0 1 1 1 1 1 1 1 1 0 1 1 1 0 1 0 1 0 1 1 1 1 1 0 0 1 0 1 0 1 1 1 1 1 1]"
23,0.9996930566470824,"[1 1 1 1 1 1 1 1 1 1 1 1 1 1 0 1 1 1 1 1 1 1 0 0 1 1 1 1 0 1 1 0 1 0 0 1 1 1 1 0]"
23,0.9995935488550414,"[1 1 1 1 1 1 1 1 1 1 1 1 1 1 0 1 0 1 0 1 0 1 0 1 1 1 1 1 0 1 1 0 1 0 0 1 1 1 1 1]"
23,0.9972365831053193,"[1 1 1 1 1 1 1 1 1 1 1 0 1 1 0 1 1 1 0 1 1 1 0 1 1 1 1 1 1 0 1 0 1 1 1 1 0 1 1 0]"
23,0.9925815307203578,"[1 1 1 1 1 1 1 1 1 1 0 0 1 1 1 1 0 0 1 1 1 0 0 0 0 0 1 0 0 0 0 0 1 1 1 0 0 1 1 1]"
23,0.9996930473364295,"[1 1 1 1 1 1 1 1 1 1 1 1 1 1 0 1 1 1 1 1 1 1 0 0 1 1 1 1 0 0 1 0 1 0 0 1 1 1 1 0]"
23,5.4934078715241214e-05,"[0 1 0 1 1 1 1 1 1 1 1 1 1 1 0 1 0 1 0 1 0 1 0 1 1 1 1 1 0 1 1 0 0 0 0 0 1 1 1 1]"
23,0.9996713152941422,"[1 1 1 1 1 1 1 1 1 1 1 1 1 1 0 1 1 1 0 1 1 0 0 0 0 1 1 1 1 0 1 0 0 0 0 1 1 0 1 1]"
23,0.9996668288565046,"[1 1 1 1 1 1 1 1 1 1 1 1 1 1 0 1 1 1 0 1 0 0 0 0 1 1 1 1 0 0 1 0 1 0 0 1 1 1 1 1]"
23,0.999579798328639,"[1 1 1 1 1 1 1 1 1 1 1 1 1 1 0 1 0 0 1 1 1 1 1 0 1 1 1 0 0 0 1 0 1 0 0 1 1 1 1 0]"
23,0.9926229753265602,"[1 1 1 1 1 1 1 1 1 1 0 0 1 1 1 1 0 1 1 1 1 1 1 0 0 0 1 0 0 0 0 0 1 0 0 1 0 1 0 0]"
23,0.9996936629307809,"[1 1 1 1 1 1 1 1 1 1 1 1 1 1 0 1 1 1 1 1 1 1 0 1 1 1 1 1 1 0 1 1 0 0 0 1 0 1 1 0]"
23,0.9996906626207486,"[1 1 1 1 1 1 1 1 1 1 1 1 1 1 0 1 1 1 1 1 1 0 0 0 1 1 1 1 0 0 1 0 0 0 0 1 1 0 1 1]"
23,0.9995840155687279,"[1 1 1 1 1 1 1 1 1 1 1 1 1 1 0 1 0 1 0 0 0 1 0 1 1 1 1 1 0 1 1 0 1 0 0 1 0 1 1 1]"
23,0.7272589230679439,"[1 1 1 1 0 1 1 1 1 1 1 1 1 0 0 1 1 0 1 1 1 1 0 1 1 1 1 1 1 0 1 1 0 0 0 1 0 1 1 0]"
23,0.9926194235563078,"[1 1 1 1 1 1 1 1 1 1 0 0 1 1 1 1 0 1 1 1 1 0 0 0 0 0 1 0 0 0 0 0 1 1 1 0 0 1 1 1]"
23,0.999519678081071,"[1 1 1 1 1 1 1 1 1 1 1 1 1 1 0 0 1 1 0 1 1 0 0 1 1 1 1 1 1 0 1 0 1 0 1 1 0 0 1 1]"
23,0.9996698084900414,"[1 1 1 1 1 1 1 1 1 1 1 1 1 1 0 1 1 1 0 1 0 1 0 1 1 1 1 1 0 0 1 0 1 0 1 1 1 1 1 1]"
23,0.9803150235553832,"[1 1 1 1 1 1 1 1 0 1 1 1 1 1 0 1 1 1 0 1 0 1 0 1 1 1 0 1 0 1 1 0 1 0 0 1 0 1 1 1]"
24,0.9972365645070551,"[1 1 1 1 1 1 1 1 1 1 1 0 1 1 0 1 1 1 0 1 1 1 0 1 1 1 1 1 0 0 1 0 1 1 1 1 0 1 0 0]"
24,0.9999987967664459,"[1 1 1 1 1 1 1 1 1 1 1 1 1 1 1 1 1 1 1 1 1 1 0 1 1 1 1 1 1 0 1 1 0 0 1 1 0 1 1 0]"
24,0.8207129393383847,"[1 1 1 1 1 0 1 0 1 1 1 1 1 1 0 1 1 1 0 1 0 1 0 1 1 1 1 1 0 0 1 0 1 0 1 1 1 1 0 1]"
24,0.9996930566470824,"[1 1 1 1 1 1 1 1 1 1 1 1 1 1 0 1 1 1 1 1 1 1 0 0 1 1 1 1 0 1 1 0 1 0 0 1 1 1 1 0]"
24,0.9996930473000597,"[1 1 1 1 1 1 1 1 1 1 1 1 1 1 0 1 1 1 1 1 1 1 0 0 1 1 1 1 0 0 1 0 1 0 0 1 1 0 1 0]"
24,0.9995797238510128,"[1 1 1 1 1 1 1 1 1 1 1 1 1 1 0 1 0 0 1 1 1 1 1 0 1 1 0 0 0 0 1 0 1 0 0 1 1 1 1 0]"
24,0.9996936629307809,"[1 1 1 1 1 1 1 1 1 1 1 1 1 1 0 1 1 1 1 1 1 1 0 1 1 1 1 1 1 0 1 1 0 0 0 1 0 1 1 0]"
24,0.9803150235553832,"[1 1 1 1 1 1 1 1 0 1 1 1 1 1 0 1 1 1 0 1 0 1 0 1 1 1 0 1 0 1 1 0 1 0 0 1 0 1 1 1]"
24,0.9996910536219358,"[1 1 1 1 1 1 1 1 1 1 1 1 1 1 0 1 1 1 1 1 1 0 0 1 1 0 0 1 1 0 1 0 0 0 0 1 0 1 1 0]"
24,0.056290289286360116,"[1 0 1 1 1 1 1 1 1 1 1 1 1 1 0 1 1 1 1 1 1 0 0 0 1 1 1 1 0 0 1 0 0 0 0 1 1 0 1 0]"
24,0.9996725070350309,"[1 1 1 1 1 1 1 1 1 1 1 1 1 1 0 1 1 1 0 1 1 0 1 0 0 1 1 1 1 0 1 0 0 0 0 1 1 0 1 1]"
24,0.9996930566470824,"[1 1 1 1 1 1 1 1 1 1 1 1 1 1 0 1 1 1 1 1 1 1 0 0 1 1 1 1 0 1 1 0 1 0 0 1 1 1 1 0]"
24,0.999059810156748,"[1 1 1 1 1 1 1 1 1 1 1 1 1 0 0 1 1 1 0 1 0 1 0 1 1 1 1 1 0 1 0 0 1 0 0 1 0 1 1 0]"
24,0.9996936256881495,"[1 1 1 1 1 1 1 1 1 1 1 1 1 1 0 1 1 1 1 1 1 1 0 1 1 1 1 0 1 0 1 1 0 0 0 1 0 1 1 0]"
24,0.9972549953585528,"[1 1 1 1 1 1 1 1 1 1 1 0 1 1 0 1 1 1 1 1 1 1 0 0 1 1 1 1 0 0 1 0 1 0 0 1 1 1 1 0]"
24,0.9996906626207486,"[1 1 1 1 1 1 1 1 1 1 1 1 1 1 0 1 1 1 1 1 1 0 0 0 1 1 1 1 0 0 1 0 0 0 0 1 1 0 1 1]"
24,0.9996698084900414,"[1 1 1 1 1 1 1 1 1 1 1 1 1 1 0 1 1 1 0 1 0 1 0 1 1 1 1 1 0 0 1 0 1 0 1 1 1 1 1 1]"
24,0.9996716132292445,"[1 1 1 1 1 1 1 1 1 1 1 1 1 1 0 1 1 1 0 1 1 0 0 0 1 1 1 1 1 0 1 0 0 0 0 1 1 0 1 1]"
24,0.9899729134655472,"[1 1 1 1 1 1 1 1 1 0 1 1 1 1 0 1 1 1 1 1 1 1 0 0 1 1 1 1 0 0 1 0 1 0 0 1 1 1 1 0]"
24,0.7272589230747724,"[1 1 1 1 0 1 1 1 1 1 1 1 1 0 0 1 1 0 1 1 1 1 0 1 1 1 1 1 1 0 1 1 0 0 0 1 0 1 1 1]"
24,0.9996698083445654,"[1 1 1 1 1 1 1 1 1 1 1 1 1 1 0 1 1 1 0 1 0 1 0 1 1 1 1 1 0 0 1 0 1 0 1 0 1 1 1 1]"
24,0.999579798310456,"[1 1 1 1 1 1 1 1 1 1 1 1 1 1 0 1 0 0 1 1 1 1 1 0 1 1 1 0 0 0 1 0 1 0 0 1 1 1 0 0]"
24,0.9803150149790728,"[1 1 1 1 1 1 1 1 0 1 1 1 1 1 0 1 1 1 0 1 0 1 0 1 1 1 0 1 0 0 1 0 1 1 0 1 0 1 1 1]"
24,0.727731573155874,"[1 1 1 1 0 1 1 1 1 1 1 1 1 1 0 1 1 1 0 1 1 1 0 1 1 1 0 1 1 0 1 1 0 0 0 1 0 1 1 0]"
24,0.9996697712482097,"[1 1 1 1 1 1 1 1 1 1 1 1 1 1 0 1 1 1 0 1 0 1 0 1 1 1 1 0 0 0 1 0 1 0 1 1 1 1 1 1]"
25,0.9899474785544111,"[1 1 1 1 1 1 1 1 1 0 1 1 1 1 0 1 1 1 0 1 0 0 0 1 1 1 1 0 0 0 1 0 1 0 1 1 1 1 1 1]"
25,0.9996725069986617,"[1 1 1 1 1 1 1 1 1 1 1 1 1 1 0 1 1 1 0 1 1 0 1 0 0 1 1 1 1 0 1 0 0 0 0 1 0 1 1 1]"
25,0.999059805731257,"[1 1 1 1 1 1 1 1 1 1 1 1 1 0 0 1 1 1 0 1 0 1 0 1 1 1 1 1 0 0 1 0 1 0 1 0 1 1 1 1]"
25,0.9996906346888502,"[1 1 1 1 1 1 1 1 1 1 1 1 1 1 0 1 1 1 1 1 1 0 0 0 1 1 1 0 0 1 1 0 0 0 0 1 1 0 1 1]"
25,0.9803384903001838,"[1 1 1 1 1 1 1 1 0 1 1 1 1 1 0 1 1 1 1 1 1 1 0 1 1 1 1 0 1 0 1 1 0 1 0 1 0 1 1 0]"
25,0.9995794212857079,"[1 1 1 1 1 1 1 1 1 1 1 1 1 1 0 1 0 0 1 1 1 1 1 0 0 1 0 0 0 0 0 0 1 0 0 1 1 1 1 0]"
25,0.0009759229504715565,"[0 1 1 1 1 1 1 1 1 1 1 1 1 1 0 1 1 1 0 1 1 0 1 0 0 1 1 1 1 0 0 0 0 0 0 1 1 0 1 1]"
25,0.03677747231861926,"[1 0 1 1 0 1 1 1 1 1 1 1 1 1 0 1 1 1 0 1 1 1 0 1 1 1 0 1 1 0 1 1 0 0 0 1 0 1 1 0]"
25,0.999579798310456,"[1 1 1 1 1 1 1 1 1 1 1 1 1 1 0 1 0 0 1 1 1 1 1 0 1 1 1 0 0 0 1 0 1 0 0 1 1 1 0 0]"
25,0.8540042933846723,"[1 1 1 1 1 0 1 1 1 1 1 1 1 1 0 1 1 1 0 1 0 1 0 1 1 1 1 1 0 0 1 0 1 0 1 1 1 1 0 1]"
25,0.9996930194044713,"[1 1 1 1 1 1 1 1 1 1 1 1 1 1 0 1 1 1 1 1 1 1 0 0 1 1 1 0 0 1 1 0 1 0 0 1 1 1 1 0]"
25,0.9995172762737976,"[1 1 1 1 1 1 1 1 1 1 1 1 1 1 0 0 1 1 0 1 0 1 0 1 1 1 1 1 0 0 1 0 1 0 1 0 1 1 1 1]"
25,0.9996930566470824,"[1 1 1 1 1 1 1 1 1 1 1 1 1 1 0 1 1 1 1 1 1 1 0 0 1 1 1 1 0 1 1 0 1 0 0 1 1 1 1 0]"
25,0.9948229089109741,"[1 1 1 1 1 1 1 1 1 1 0 1 1 1 0 1 1 1 1 1 1 1 0 1 1 1 1 1 1 0 1 1 0 0 0 1 0 1 1 0]"
25,0.5242772692582089,"[1 1 1 0 1 1 1 1 1 1 1 1 1 1 0 1 1 1 0 1 1 0 1 0 0 1 1 1 1 0 1 0 0 0 0 1 1 0 1 1]"
25,0.727743703278201,"[1 1 1 1 0 1 1 1 1 1 1 1 1 1 0 1 1 1 1 1 1 0 0 0 1 1 1 1 0 0 1 0 0 0 0 1 1 0 1 1]"
25,0.9996698084718568,"[1 1 1 1 1 1 1 1 1 1 1 1 1 1 0 1 1 1 0 1 0 1 0 1 1 1 1 1 0 0 1 0 1 0 1 1 1 1 0 1]"
25,0.9245637007744819,"[1 1 1 1 1 1 0 1 1 1 1 1 1 1 1 1 1 1 1 1 1 1 0 1 0 1 1 0 1 0 1 0 0 0 1 1 0 1 1 0]"
25,0.9984739665326225,"[1 1 1 1 1 1 1 1 1 1 1 1 0 1 0 1 1 1 1 1 1 1 0 1 1 1 1 1 1 0 1 1 0 0 0 1 0 1 1 0]"
25,0.9995171273269354,"[1 1 1 1 1 1 1 1 1 1 1 1 1 1 0 0 1 1 0 1 0 1 0 1 1 0 1 1 0 0 1 0 1 0 1 0 1 1 1 1]"
25,0.9609945970850913,"[1 1 1 1 1 1 1 0 1 1 1 1 1 0 1 1 1 1 0 0 0 1 0 1 1 1 1 1 0 1 0 0 1 0 0 1 0 1 1 0]"
25,0.9996725070259386,"[1 1 1 1 1 1 1 1 1 1 1 1 1 1 0 1 1 1 0 1 1 0 1 0 0 1 1 1 1 0 1 0 0 0 0 1 1 0 1 0]"
25,0.9996910536219358,"[1 1 1 1 1 1 1 1 1 1 1 1 1 1 0 1 1 1 1 1 1 0 0 1 1 0 0 1 1 0 1 0 0 0 0 1 0 1 1 0]"
25,0.9990598101658353,"[1 1 1 1 1 1 1 1 1 1 1 1 1 0 0 1 1 1 0 1 0 1 0 1 1 1 1 1 0 1 0 0 1 0 0 1 0 1 1 1]"
25,0.9996936256881495,"[1 1 1 1 1 1 1 1 1 1 1 1 1 1 0 1 1 1 1 1 1 1 0 1 1 1 1 0 1 0 1 1 0 0 0 1 0 1 1 0]"
26,0.8539983613664428,"[1 1 1 1 1 0 1 1 1 1 1 1 1 1 0 1 1 1 0 0 1 0 1 0 0 1 1 1 1 0 1 0 0 0 0 1 1 0 1 1]"
26,0.9899474785544111,"[1 1 1 1 1 1 1 1 1 0 1 1 1 1 0 1 1 1 0 1 0 0 0 1 1 1 1 0 0 0 1 0 1 0 1 1 1 1 1 1]"
26,0.9995172948921568,"[1 1 1 1 1 1 1 1 1 1 1 1 1 1 0 0 1 1 0 1 0 1 0 1 1 1 1 1 1 0 1 0 1 0 1 0 1 1 1 1]"
26,0.9996751884476129,"[1 1 1 1 1 1 1 1 1 1 1 1 1 1 0 1 1 1 0 1 1 1 1 0 1 1 1 1 1 0 1 0 0 0 0 1 1 0 1 0]"
26,0.9995794218675642,"[1 1 1 1 1 1 1 1 1 1 1 1 1 1 0 1 0 0 1 1 1 1 1 0 0 1 0 0 0 0 0 0 1 1 0 1 1 1 1 0]"
26,0.5242874101182201,"[1 1 1 0 1 1 1 1 1 1 1 1 1 1 0 1 1 1 1 1 1 0 0 0 1 1 1 0 0 1 1 0 0 0 0 1 1 0 1 1]"
26,0.9803384903001838,"[1 1 1 1 1 1 1 1 0 1 1 1 1 1 0 1 1 1 1 1 1 1 0 1 1 1 1 0 1 0 1 1 0 1 0 1 0 1 1 0]"
26,0.9996910163793918,"[1 1 1 1 1 1 1 1 1 1 1 1 1 1 0 1 1 1 1 1 1 0 0 1 1 0 0 0 1 0 1 0 0 0 0 1 0 1 1 0]"
26,0.9242768487733108,"[1 1 1 1 1 1 0 1 1 1 1 1 1 1 0 1 1 1 1 1 1 0 0 0 1 1 1 0 0 0 1 0 1 0 0 1 1 1 1 0]"
26,0.9166297509821096,"[1 1 1 1 1 1 0 1 1 1 0 0 0 1 1 1 1 1 1 1 1 0 0 1 0 1 1 0 1 0 1 0 0 0 1 0 0 1 1 0]"
26,0.9995171273269354,"[1 1 1 1 1 1 1 1 1 1 1 1 1 1 0 0 1 1 0 1 0 1 0 1 1 0 1 1 0 0 1 0 1 0 1 0 1 1 1 1]"
26,0.9996930566470824,"[1 1 1 1 1 1 1 1 1 1 1 1 1 1 0 1 1 1 1 1 1 1 0 0 1 1 1 1 0 1 1 0 1 0 0 1 1 1 1 0]"
26,0.5242772490705393,"[1 1 1 0 1 1 1 1 1 1 1 1 1 1 0 1 1 1 0 1 1 0 1 0 0 1 1 0 1 0 1 0 1 0 0 1 1 0 1 0]"
26,0.9995171273269354,"[1 1 1 1 1 1 1 1 1 1 1 1 1 1 0 0 1 1 0 1 0 1 0 1 1 0 1 1 0 0 1 0 1 0 1 0 1 1 1 1]"
26,0.9996725069986617,"[1 1 1 1 1 1 1 1 1 1 1 1 1 1 0 1 1 1 0 1 1 0 1 0 0 1 1 1 1 0 1 0 0 0 0 1 0 1 1 1]"
26,0.9947851015078781,"[1 1 1 1 1 1 1 1 1 1 0 1 1 1 0 1 1 0 1 1 1 1 1 0 0 1 0 0 0 0 0 0 1 0 0 1 1 1 1 0]"
26,0.9996725069622927,"[1 1 1 1 1 1 1 1 1 1 1 1 1 1 0 1 1 1 0 1 1 0 1 0 0 1 1 1 1 0 1 0 0 0 0 1 0 0 1 1]"
26,0.9996725163091424,"[1 1 1 1 1 1 1 1 1 1 1 1 1 1 0 1 1 1 0 1 1 0 1 0 0 1 1 1 1 1 1 0 0 0 0 1 0 1 1 1]"
26,0.9996894441196172,"[1 1 1 1 1 1 1 1 1 1 1 1 1 1 0 1 1 1 1 1 0 1 1 0 1 1 1 0 0 1 1 0 1 0 0 1 1 1 1 0]"
26,0.9899474785544111,"[1 1 1 1 1 1 1 1 1 0 1 1 1 1 0 1 1 1 0 1 0 0 0 1 1 1 1 0 0 0 1 0 1 0 1 1 1 1 1 1]"
26,0.5231674687668936,"[1 1 1 0 1 1 1 1 1 1 1 1 0 0 0 0 1 1 0 1 0 1 0 1 1 1 1 1 0 0 1 0 1 0 1 0 1 1 1 1]"
26,0.9996930566470824,"[1 1 1 1 1 1 1 1 1 1 1 1 1 1 0 1 1 1 1 1 1 1 0 0 1 1 1 1 0 1 1 0 1 0 0 1 1 1 1 0]"
26,0.9236915373767991,"[1 1 1 1 1 1 0 1 1 1 1 1 1 0 0 1 1 1 0 1 1 0 1 0 0 1 1 1 1 0 1 0 0 0 0 1 1 0 1 0]"
26,0.9990502770991209,"[1 1 1 1 1 1 1 1 1 1 1 1 1 0 0 1 1 1 0 0 0 1 0 1 1 1 1 1 0 0 1 0 1 0 1 0 1 1 1 1]"
26,0.9996930566470824,"[1 1 1 1 1 1 1 1 1 1 1 1 1 1 0 1 1 1 1 1 1 1 0 0 1 1 1 1 0 1 1 0 1 0 0 1 1 1 1 0]"
27,0.9990496815623281,"[1 1 1 1 1 1 1 1 1 1 1 1 1 0 0 1 1 1 0 0 0 1 0 0 1 1 1 1 0 0 1 0 1 0 1 0 1 1 1 1]"
27,0.9995172576554388,"[1 1 1 1 1 1 1 1 1 1 1 1 1 1 0 0 1 1 0 1 0 1 0 1 1 1 1 0 1 0 1 0 1 0 1 0 1 1 1 1]"
27,0.9996929827437772,"[1 1 1 1 1 1 1 1 1 1 1 1 1 1 0 1 1 1 1 1 1 1 0 0 1 1 0 1 0 1 1 0 1 1 0 1 1 1 1 0]"
27,0.9995794221584924,"[1 1 1 1 1 1 1 1 1 1 1 1 1 1 0 1 0 0 1 1 1 1 1 0 0 1 0 0 0 0 0 0 1 1 1 1 1 1 1 0]"
27,0.9972345094007851,"[1 1 1 1 1 1 1 1 1 1 1 0 1 1 0 1 1 1 0 1 1 0 1 0 0 1 1 1 1 1 1 0 0 0 0 1 0 1 1 1]"
27,0.9242757469156753,"[1 1 1 1 1 1 0 1 1 1 1 1 1 1 0 1 1 1 1 1 0 1 1 0 1 1 1 0 0 1 1 0 1 0 0 1 1 1 1 0]"
27,0.9995218936364306,"[1 1 1 1 1 1 1 1 1 1 1 1 1 1 0 0 1 1 0 1 1 1 0 1 1 0 1 1 0 0 1 0 1 0 1 0 1 1 1 1]"
27,0.9995172948921568,"[1 1 1 1 1 1 1 1 1 1 1 1 1 1 0 0 1 1 0 1 0 1 0 1 1 1 1 1 1 0 1 0 1 0 1 0 1 1 1 1]"
27,0.9996691843894822,"[1 1 1 1 1 1 1 1 1 1 1 1 1 1 0 1 1 1 0 1 0 1 0 0 1 1 1 0 0 1 1 0 1 0 0 1 1 1 1 0]"
27,0.9236915374106707,"[1 1 1 1 1 1 0 1 1 1 1 1 1 0 0 1 1 1 0 1 1 0 1 0 0 1 1 1 1 0 1 0 0 0 0 1 1 1 1 0]"
27,0.9996930566470824,"[1 1 1 1 1 1 1 1 1 1 1 1 1 1 0 1 1 1 1 1 1 1 0 0 1 1 1 1 0 1 1 0 1 0 0 1 1 1 1 0]"
27,0.9996930566470824,"[1 1 1 1 1 1 1 1 1 1 1 1 1 1 0 1 1 1 1 1 1 1 0 0 1 1 1 1 0 1 1 0 1 0 0 1 1 1 1 0]"
27,0.05629031584643563,"[1 0 1 1 1 1 1 1 1 1 1 1 1 1 0 1 1 1 1 1 1 0 0 1 1 0 0 0 1 0 1 0 0 0 0 1 0 1 1 0]"
27,0.9995794218675642,"[1 1 1 1 1 1 1 1 1 1 1 1 1 1 0 1 0 0 1 1 1 1 1 0 0 1 0 0 0 0 0 0 1 1 0 1 1 1 1 0]"
27,0.9978312825975499,"[1 1 1 1 1 1 1 1 1 1 1 1 0 0 0 1 1 1 0 0 0 1 0 1 1 1 1 1 0 0 0 0 1 0 1 0 1 1 1 1]"
27,0.9996915843374155,"[1 1 1 1 1 1 1 1 1 1 1 1 1 1 0 1 1 1 1 1 1 0 1 0 0 1 1 1 1 1 1 0 0 0 0 1 0 1 1 1]"
27,0.9995171273269354,"[1 1 1 1 1 1 1 1 1 1 1 1 1 1 0 0 1 1 0 1 0 1 0 1 1 0 1 1 0 0 1 0 1 0 1 0 1 1 1 1]"
27,0.9971416195925618,"[1 1 1 1 1 1 1 1 1 1 1 0 1 1 0 1 0 0 1 1 1 1 1 0 0 1 0 0 0 0 0 0 1 1 1 1 1 1 0 0]"
27,0.9996930554832508,"[1 1 1 1 1 1 1 1 1 1 1 1 1 1 0 1 1 1 1 1 1 1 0 0 1 1 1 1 0 1 1 0 0 0 0 1 1 1 1 0]"
27,0.0009708658221530093,"[0 1 1 1 1 1 1 1 1 1 1 0 1 1 0 0 1 1 0 1 0 1 0 1 1 0 1 1 0 0 1 0 1 0 1 0 1 1 1 1]"
27,0.9996930566470824,"[1 1 1 1 1 1 1 1 1 1 1 1 1 1 0 1 1 1 1 1 1 1 0 0 1 1 1 1 0 1 1 0 1 0 0 1 1 1 1 0]"
27,0.9996147462692726,"[1 1 1 1 1 1 1 1 1 1 1 1 1 1 0 1 0 1 1 1 1 0 0 1 1 0 0 0 1 0 1 0 0 0 0 1 0 1 1 0]"
27,0.8538760704962953,"[1 1 1 1 1 0 1 1 1 1 1 1 1 1 0 0 1 1 0 1 1 1 0 1 1 1 1 1 1 0 1 0 0 0 1 0 1 1 1 1]"
27,0.9995794217948322,"[1 1 1 1 1 1 1 1 1 1 1 1 1 1 0 1 0 0 1 1 1 1 1 0 0 1 0 0 0 0 0 0 1 1 0 1 0 1 1 0]"
27,0.7272871087162854,"[1 1 1 1 0 1 1 1 1 1 1 1 1 0 0 1 1 1 1 1 1 1 0 0 1 1 1 1 0 1 1 0 1 0 0 1 1 1 1 0]"
28,0.9996930565016034,"[1 1 1 1 1 1 1 1 1 1 1 1 1 1 0 1 1 1 1 1 1 1 0 0 1 1 1 1 0 1 1 0 1 0 0 0 1 1 1 0]"
28,0.9948223052864918,"[1 1 1 1 1 1 1 1 1 1 0 1 1 1 0 1 1 1 1 1 1 1 0 0 1 1 1 1 0 1 1 0 1 0 0 1 1 1 1 0]"
28,0.997142214105595,"[1 1 1 1 1 1 1 1 1 1 1 0 1 1 0 1 0 0 1 1 1 1 1 1 0 1 0 0 0 0 0 0 1 1 1 1 1 1 0 0]"
28,0.9899714644288423,"[1 1 1 1 1 1 1 1 1 0 1 1 1 1 0 1 1 1 1 1 1 0 1 0 0 1 1 1 1 1 1 0 1 0 0 1 0 1 1 1]"
28,0.9996930554832508,"[1 1 1 1 1 1 1 1 1 1 1 1 1 1 0 1 1 1 1 1 1 1 0 0 1 1 1 1 0 1 1 0 0 0 0 1 1 1 1 0]"
28,0.9995794217948322,"[1 1 1 1 1 1 1 1 1 1 1 1 1 1 0 1 0 0 1 1 1 1 1 0 0 1 0 0 0 0 0 0 1 1 0 1 0 1 1 0]"
28,0.05627727357232348,"[1 0 1 1 1 1 1 1 1 1 1 1 1 1 0 0 1 1 0 1 0 1 0 1 1 1 1 1 1 0 1 0 1 0 1 0 1 1 1 1]"
28,0.9236915460817747,"[1 1 1 1 1 1 0 1 1 1 1 1 1 0 0 1 1 1 0 1 1 0 1 0 0 1 1 1 1 1 1 0 0 0 0 1 1 1 1 0]"
28,0.7272853186260849,"[1 1 1 1 0 1 1 1 1 1 1 1 1 0 0 1 1 1 1 1 1 0 0 0 1 1 1 1 0 1 1 0 1 0 0 1 1 1 1 0]"
28,0.853877104603812,"[1 1 1 1 1 0 1 1 1 1 1 1 1 1 0 0 1 1 0 1 1 1 1 1 1 1 1 1 1 0 1 0 0 0 1 0 1 1 1 1]"
28,0.9996929455011685,"[1 1 1 1 1 1 1 1 1 1 1 1 1 1 0 1 1 1 1 1 1 1 0 0 1 1 0 0 0 1 1 0 1 1 0 1 1 1 1 0]"
28,0.5222328411405364,"[1 1 1 0 1 1 1 1 1 1 1 0 0 1 0 1 1 1 0 1 1 0 1 0 0 1 1 1 1 1 1 0 0 0 0 0 0 1 1 1]"
28,0.7272017802680175,"[1 1 1 1 0 1 1 1 1 1 1 1 1 0 0 1 0 0 1 1 1 1 1 0 0 1 0 0 1 0 0 0 1 1 1 1 0 1 1 0]"
28,0.9995171273269354,"[1 1 1 1 1 1 1 1 1 1 1 1 1 1 0 0 1 1 0 1 0 1 0 1 1 0 1 1 0 0 1 0 1 0 1 0 1 1 1 1]"
28,0.999693051991756,"[1 1 1 1 1 1 1 1 1 1 1 1 1 1 0 1 1 1 1 1 1 1 0 0 1 1 1 1 0 1 0 0 1 0 0 1 1 1 1 0]"
28,0.9996930554832508,"[1 1 1 1 1 1 1 1 1 1 1 1 1 1 0 1 1 1 1 1 1 1 0 0 1 1 1 1 0 1 1 0 0 0 0 1 1 1 1 0]"
28,0.7276601114888036,"[1 1 1 1 0 1 1 1 1 1 1 1 1 1 0 1 0 0 1 1 1 1 1 0 0 1 0 0 0 0 0 0 1 1 1 1 1 1 1 0]"
28,0.9995794593972946,"[1 1 1 1 1 1 1 1 1 1 1 1 1 1 0 1 0 0 1 1 1 1 1 0 0 1 0 1 0 0 0 0 1 1 1 1 1 1 1 0]"
28,0.9996906731224878,"[1 1 1 1 1 1 1 1 1 1 1 1 1 1 0 1 1 1 1 1 1 0 0 0 1 1 1 1 0 1 1 0 1 0 0 1 1 1 1 0]"
28,0.9236915374106707,"[1 1 1 1 1 1 0 1 1 1 1 1 1 0 0 1 1 1 0 1 1 0 1 0 0 1 1 1 1 0 1 0 0 0 0 1 1 1 1 0]"
28,0.9995218936364306,"[1 1 1 1 1 1 1 1 1 1 1 1 1 1 0 0 1 1 0 1 1 1 0 1 1 0 1 1 0 0 1 0 1 0 1 0 1 1 1 1]"
28,0.056098986119285967,"[1 0 1 1 1 1 1 1 1 1 1 0 1 1 0 1 0 0 1 1 1 1 1 0 0 1 0 0 0 0 0 0 0 1 1 1 1 1 0 0]"
28,0.9995794221584924,"[1 1 1 1 1 1 1 1 1 1 1 1 1 1 0 1 0 0 1 1 1 1 1 0 0 1 0 0 0 0 0 0 1 1 1 1 1 1 1 0]"
28,0.9995794218493812,"[1 1 1 1 1 1 1 1 1 1 1 1 1 1 0 1 0 0 1 1 1 1 1 0 0 1 0 0 0 0 0 0 1 1 0 1 1 1 0 0]"
28,0.9995390446215761,"[1 1 1 1 1 1 1 1 1 1 1 1 1 1 0 0 1 1 1 1 1 0 1 0 0 1 1 1 1 1 0 0 0 0 0 1 0 1 1 1]"
29,0.9235483614570144,"[1 1 1 1 1 1 0 1 1 1 1 1 1 0 0 0 1 1 0 1 1 0 0 0 0 1 1 1 0 1 1 0 0 0 0 1 1 1 1 0]"
29,0.9996930192589923,"[1 1 1 1 1 1 1 1 1 1 1 1 1 1 0 1 1 1 1 1 1 1 0 0 1 1 1 0 0 1 1 0 1 0 0 0 1 1 1 0]"
29,0.9995800199977947,"[1 1 1 1 1 1 1 1 1 1 1 1 1 1 0 1 0 0 1 1 1 1 1 1 0 1 0 0 0 0 0 1 1 1 0 1 1 1 0 0]"
29,0.9995794221584924,"[1 1 1 1 1 1 1 1 1 1 1 1 1 1 0 1 0 0 1 1 1 1 1 0 0 1 0 0 0 0 0 0 1 1 1 1 1 1 1 0]"
29,0.9995794217948322,"[1 1 1 1 1 1 1 1 1 1 1 1 1 1 0 1 0 0 1 1 1 1 1 0 0 1 0 0 0 0 0 0 1 1 0 1 0 1 1 0]"
29,0.9899714644288423,"[1 1 1 1 1 1 1 1 1 0 1 1 1 1 0 1 1 1 1 1 1 0 1 0 0 1 1 1 1 1 1 0 1 0 0 1 0 1 1 1]"
29,0.9996557270842851,"[1 1 1 1 1 1 1 1 1 1 1 1 1 1 0 1 1 0 1 1 1 1 1 0 0 1 0 1 0 0 0 0 1 1 1 1 1 1 1 0]"
29,0.9996929455011685,"[1 1 1 1 1 1 1 1 1 1 1 1 1 1 0 1 1 1 1 1 1 1 0 0 1 1 0 0 0 1 1 0 1 1 0 1 1 1 1 0]"
29,0.9995409589971495,"[1 1 1 1 1 1 1 1 1 1 1 1 1 1 0 0 1 1 1 1 1 1 0 1 1 0 1 1 0 0 1 0 1 0 1 0 0 1 1 0]"
29,0.9996905241523705,"[1 1 1 1 1 1 1 1 1 1 1 1 1 1 0 1 1 1 1 1 1 0 0 0 1 0 1 1 0 1 1 0 1 0 0 1 1 1 1 0]"
29,0.9995794314681928,"[1 1 1 1 1 1 1 1 1 1 1 1 1 1 0 1 0 0 1 1 1 1 1 0 0 1 0 0 0 1 0 0 1 1 1 1 1 1 1 0]"
29,0.9996929455011685,"[1 1 1 1 1 1 1 1 1 1 1 1 1 1 0 1 1 1 1 1 1 1 0 0 1 1 0 0 0 1 1 0 1 1 0 1 1 1 1 0]"
29,0.9996930564652337,"[1 1 1 1 1 1 1 1 1 1 1 1 1 1 0 1 1 1 1 1 1 1 0 0 1 1 1 1 0 1 1 0 1 0 0 0 1 0 1 0]"
29,0.9995698887025091,"[1 1 1 1 1 1 1 1 1 1 1 1 1 1 0 1 0 0 1 0 1 1 1 0 0 1 0 0 0 0 0 0 1 1 0 1 0 1 1 0]"
29,0.9996929455011685,"[1 1 1 1 1 1 1 1 1 1 1 1 1 1 0 1 1 1 1 1 1 1 0 0 1 1 0 0 0 1 1 0 1 1 0 1 1 1 1 0]"
29,0.9996930554832508,"[1 1 1 1 1 1 1 1 1 1 1 1 1 1 0 1 1 1 1 1 1 1 0 0 1 1 1 1 0 1 1 0 0 0 0 1 1 1 1 0]"
29,0.9995794593972946,"[1 1 1 1 1 1 1 1 1 1 1 1 1 1 0 1 0 0 1 1 1 1 1 0 0 1 0 1 0 0 0 0 1 1 1 1 1 1 1 0]"
29,0.9996930560651666,"[1 1 1 1 1 1 1 1 1 1 1 1 1 1 0 1 1 1 1 1 1 1 0 0 1 1 1 1 0 1 1 0 0 1 0 1 1 1 1 0]"
29,0.9995794592154645,"[1 1 1 1 1 1 1 1 1 1 1 1 1 1 0 1 0 0 1 1 1 1 1 0 0 1 0 1 0 0 0 0 1 1 1 0 1 0 1 0]"
29,0.999693051991756,"[1 1 1 1 1 1 1 1 1 1 1 1 1 1 0 1 1 1 1 1 1 1 0 0 1 1 1 1 0 1 0 0 1 0 0 1 1 1 1 0]"
29,0.9996786442862743,"[1 1 1 1 1 1 1 1 1 1 1 1 1 1 0 1 1 1 1 0 0 1 0 0 1 1 0 0 0 1 1 0 1 1 0 0 1 1 1 0]"
29,0.5228618967845787,"[1 1 1 0 1 1 1 1 1 1 1 0 1 1 0 1 0 0 1 1 1 1 1 1 0 1 0 0 0 0 0 0 1 1 1 1 1 1 0 0]"
29,0.9996929455011685,"[1 1 1 1 1 1 1 1 1 1 1 1 1 1 0 1 1 1 1 1 1 1 0 0 1 1 0 0 0 1 1 0 1 1 0 1 1 1 1 0]"
29,0.9984733596068297,"[1 1 1 1 1 1 1 1 1 1 1 1 0 1 0 1 1 1 1 1 1 1 0 0 1 1 1 1 0 1 1 0 0 0 0 0 1 1 1 0]"
29,0.9236915374106707,"[1 1 1 1 1 1 0 1 1 1 1 1 1 0 0 1 1 1 0 1 1 0 1 0 0 1 1 1 1 0 1 0 0 0 0 1 1 1 1 0]"
